de_id	de_text	en_id	en_text
81881e21f6bd	Auf geht's, Touro! 1 Kilometer liegen vor dir. Fahr vorsichtig, die Verkehrsregeln gelten auch für Stiere.	d6fba55de084	Let's go, toro! 1 kilometres ahead. Ride carefully – traffic rules apply to bulls too.
f777be2871ac	Auf geht's, Touro! 2 Kilometer liegen vor dir. Fahr vorsichtig, die Verkehrsregeln gelten auch für Stiere.	2eaecab1b077	Let's go, toro! 2 kilometres ahead. Ride carefully – traffic rules apply to bulls too.
67ec3e81f182	Auf geht's, Touro! 3 Kilometer liegen vor dir. Fahr vorsichtig, die Verkehrsregeln gelten auch für Stiere.	9ba1926cf63f	Let's go, toro! 3 kilometres ahead. Ride carefully – traffic rules apply to bulls too.
2644ad0d7a0b	Auf geht's, Touro! 4 Kilometer liegen vor dir. Fahr vorsichtig, die Verkehrsregeln gelten auch für Stiere.	b7f0e2b98a6b	Let's go, toro! 4 kilometres ahead. Ride carefully – traffic rules apply to bulls too.
d9ab19c57e93	Auf geht's, Touro! 5 Kilometer liegen vor dir. Fahr vorsichtig, die Verkehrsregeln gelten auch für Stiere.	bb030d801c90	Let's go, toro! 5 kilometres ahead. Ride carefully – traffic rules apply to bulls too.
644cf07acf8f	Auf geht's, Touro! 6 Kilometer liegen vor dir. Fahr vorsichtig, die Verkehrsregeln gelten auch für Stiere.	b932edfc61c0	Let's go, toro! 6 kilometres ahead. Ride carefully – traffic rules apply to bulls too.
88bab03b100c	Auf geht's, Touro! 7 Kilometer liegen vor dir. Fahr vorsichtig, die Verkehrsregeln gelten auch für Stiere.	14f6801cb196	Let's go, toro! 7 kilometres ahead. Ride carefully – traffic rules apply to bulls too.
8e2a6c0ec925	Auf geht's, Touro! 8 Kilometer liegen vor dir. Fahr vorsichtig, die Verkehrsregeln gelten auch für Stiere.	a9e08497c6b0	Let's go, toro! 8 kilometres ahead. Ride carefully – traffic rules apply to bulls too.
17da62873c3b	Auf geht's, Touro! 9 Kilometer liegen vor dir. Fahr vorsichtig, die Verkehrsregeln gelten auch für Stiere.	648b37f55111	Let's go, toro! 9 kilometres ahead. Ride carefully – traffic rules apply to bulls too.
ce78f78a484d	Auf geht's, Touro! 10 Kilometer liegen vor dir. Fahr vorsichtig, die Verkehrsregeln gelten auch für Stiere.	395666e74e6f	Let's go, toro! 10 kilometres ahead. Ride carefully – traffic rules apply to bulls too.
8ea2282bc138	Auf geht's, Touro! 11 Kilometer liegen vor dir. Fahr vorsichtig, die Verkehrsregeln gelten auch für Stiere.	bbe18d7c9160	Let's go, toro! 11 kilometres ahead. Ride carefully – traffic rules apply to bulls too.
58c0d9013d23	Auf geht's, Touro! 12 Kilometer liegen vor dir. Fahr vorsichtig, die Verkehrsregeln gelten auch für Stiere.	db36d7144a23	Let's go, toro! 12 kilometres ahead. Ride carefully – traffic rules apply to bulls too.
4ee7733ca230	Auf geht's, Touro! 13 Kilometer liegen vor dir. Fahr vorsichtig, die Verkehrsregeln gelten auch für Stiere.	68046be9409b	Let's go, toro! 13 kilometres ahead. Ride carefully – traffic rules apply to bulls too.
2ed45b3280fe	Auf geht's, Touro! 14 Kilometer liegen vor dir. Fahr vorsichtig, die Verkehrsregeln gelten auch für Stiere.	2ff6c7815761	Let's go, toro! 14 kilometres ahead. Ride carefully – traffic rules apply to bulls too.
4a399140d956	Auf geht's, Touro! 15 Kilometer liegen vor dir. Fahr vorsichtig, die Verkehrsregeln gelten auch für Stiere.	f08d4137b136	Let's go, toro! 15 kilometres ahead. Ride carefully – traffic rules apply to bulls too.
066528a3c2c8	Auf geht's, Touro! 16 Kilometer liegen vor dir. Fahr vorsichtig, die Verkehrsregeln gelten auch für Stiere.	0c769d9925c1	Let's go, toro! 16 kilometres ahead. Ride carefully – traffic rules apply to bulls too.
a0be4ebffd6b	Auf geht's, Touro! 17 Kilometer liegen vor dir. Fahr vorsichtig, die Verkehrsregeln gelten auch für Stiere.	dbff19bd2980	Let's go, toro! 17 kilometres ahead. Ride carefully – traffic rules apply to bulls too.
c93deee97f23	Auf geht's, Touro! 18 Kilometer liegen vor dir. Fahr vorsichtig, die Verkehrsregeln gelten auch für Stiere.	e9cc38af9e71	Let's go, toro! 18 kilometres ahead. Ride carefully – traffic rules apply to bulls too.
85742d9200e7	Auf geht's, Touro! 19 Kilometer liegen vor dir. Fahr vorsichtig, die Verkehrsregeln gelten auch für Stiere.	3731b8fbb35f	Let's go, toro! 19 kilometres ahead. Ride carefully – traffic rules apply to bulls too.
4b42146e485b	Auf geht's, Touro! 20 Kilometer liegen vor dir. Fahr vorsichtig, die Verkehrsregeln gelten auch für Stiere.	644014b4216f	Let's go, toro! 20 kilometres ahead. Ride carefully – traffic rules apply to bulls too.
3b13e54647b2	Auf geht's, Touro! 21 Kilometer liegen vor dir. Fahr vorsichtig, die Verkehrsregeln gelten auch für Stiere.	a1ce5a363cad	Let's go, toro! 21 kilometres ahead. Ride carefully – traffic rules apply to bulls too.
a463b975d02a	Auf geht's, Touro! 22 Kilometer liegen vor dir. Fahr vorsichtig, die Verkehrsregeln gelten auch für Stiere.	94ea3510f94c	Let's go, toro! 22 kilometres ahead. Ride carefully – traffic rules apply to bulls too.
62e9e32e01c3	Auf geht's, Touro! 23 Kilometer liegen vor dir. Fahr vorsichtig, die Verkehrsregeln gelten auch für Stiere.	f99eb93ed30c	Let's go, toro! 23 kilometres ahead. Ride carefully – traffic rules apply to bulls too.
0ea1765855bc	Auf geht's, Touro! 24 Kilometer liegen vor dir. Fahr vorsichtig, die Verkehrsregeln gelten auch für Stiere.	744004e2004a	Let's go, toro! 24 kilometres ahead. Ride carefully – traffic rules apply to bulls too.
964bffc95252	Auf geht's, Touro! 25 Kilometer liegen vor dir. Fahr vorsichtig, die Verkehrsregeln gelten auch für Stiere.	668f6f9fb396	Let's go, toro! 25 kilometres ahead. Ride carefully – traffic rules apply to bulls too.
f57813fb4528	Auf geht's, Touro! 26 Kilometer liegen vor dir. Fahr vorsichtig, die Verkehrsregeln gelten auch für Stiere.	0ac70a2deb80	Let's go, toro! 26 kilometres ahead. Ride carefully – traffic rules apply to bulls too.
965a81464f12	Auf geht's, Touro! 27 Kilometer liegen vor dir. Fahr vorsichtig, die Verkehrsregeln gelten auch für Stiere.	38d29f185373	Let's go, toro! 27 kilometres ahead. Ride carefully – traffic rules apply to bulls too.
225fc21ee2e5	Auf geht's, Touro! 28 Kilometer liegen vor dir. Fahr vorsichtig, die Verkehrsregeln gelten auch für Stiere.	8ac90677f49c	Let's go, toro! 28 kilometres ahead. Ride carefully – traffic rules apply to bulls too.
81852939c413	Auf geht's, Touro! 29 Kilometer liegen vor dir. Fahr vorsichtig, die Verkehrsregeln gelten auch für Stiere.	4d561fd7380c	Let's go, toro! 29 kilometres ahead. Ride carefully – traffic rules apply to bulls too.
0d88c348d2dd	Auf geht's, Touro! 30 Kilometer liegen vor dir. Fahr vorsichtig, die Verkehrsregeln gelten auch für Stiere.	2c8eaeee82cb	Let's go, toro! 30 kilometres ahead. Ride carefully – traffic rules apply to bulls too.
21d70755b53f	Auf geht's, Touro! 31 Kilometer liegen vor dir. Fahr vorsichtig, die Verkehrsregeln gelten auch für Stiere.	fb683f661621	Let's go, toro! 31 kilometres ahead. Ride carefully – traffic rules apply to bulls too.
f1ea0c7961aa	Auf geht's, Touro! 32 Kilometer liegen vor dir. Fahr vorsichtig, die Verkehrsregeln gelten auch für Stiere.	4d71e84f1946	Let's go, toro! 32 kilometres ahead. Ride carefully – traffic rules apply to bulls too.
3adc7514bf6e	Auf geht's, Touro! 33 Kilometer liegen vor dir. Fahr vorsichtig, die Verkehrsregeln gelten auch für Stiere.	3e4fa5c632d8	Let's go, toro! 33 kilometres ahead. Ride carefully – traffic rules apply to bulls too.
4ac07031e2e9	Auf geht's, Touro! 34 Kilometer liegen vor dir. Fahr vorsichtig, die Verkehrsregeln gelten auch für Stiere.	f9275000b750	Let's go, toro! 34 kilometres ahead. Ride carefully – traffic rules apply to bulls too.
c4bd7c415dd6	Auf geht's, Touro! 35 Kilometer liegen vor dir. Fahr vorsichtig, die Verkehrsregeln gelten auch für Stiere.	449aac863e2c	Let's go, toro! 35 kilometres ahead. Ride carefully – traffic rules apply to bulls too.
412905e67ab2	Auf geht's, Touro! 36 Kilometer liegen vor dir. Fahr vorsichtig, die Verkehrsregeln gelten auch für Stiere.	b5f47d92de24	Let's go, toro! 36 kilometres ahead. Ride carefully – traffic rules apply to bulls too.
97d9e3f7fc5d	Auf geht's, Touro! 37 Kilometer liegen vor dir. Fahr vorsichtig, die Verkehrsregeln gelten auch für Stiere.	2fec229a5997	Let's go, toro! 37 kilometres ahead. Ride carefully – traffic rules apply to bulls too.
27b4ad517bb9	Auf geht's, Touro! 38 Kilometer liegen vor dir. Fahr vorsichtig, die Verkehrsregeln gelten auch für Stiere.	fdd6cdf8d6e9	Let's go, toro! 38 kilometres ahead. Ride carefully – traffic rules apply to bulls too.
07d90764183d	Auf geht's, Touro! 39 Kilometer liegen vor dir. Fahr vorsichtig, die Verkehrsregeln gelten auch für Stiere.	c13f351c368c	Let's go, toro! 39 kilometres ahead. Ride carefully – traffic rules apply to bulls too.
380bba6c45b1	Auf geht's, Touro! 40 Kilometer liegen vor dir. Fahr vorsichtig, die Verkehrsregeln gelten auch für Stiere.	bdc0f32e8b60	Let's go, toro! 40 kilometres ahead. Ride carefully – traffic rules apply to bulls too.
e02e295c0c0d	Auf geht's, Touro! 41 Kilometer liegen vor dir. Fahr vorsichtig, die Verkehrsregeln gelten auch für Stiere.	4a4a9fff7c10	Let's go, toro! 41 kilometres ahead. Ride carefully – traffic rules apply to bulls too.
9021a5d90a95	Auf geht's, Touro! 42 Kilometer liegen vor dir. Fahr vorsichtig, die Verkehrsregeln gelten auch für Stiere.	6d38b39ccb27	Let's go, toro! 42 kilometres ahead. Ride carefully – traffic rules apply to bulls too.
cdd072334c47	Auf geht's, Touro! 43 Kilometer liegen vor dir. Fahr vorsichtig, die Verkehrsregeln gelten auch für Stiere.	abd5d12ea549	Let's go, toro! 43 kilometres ahead. Ride carefully – traffic rules apply to bulls too.
650237ced27d	Auf geht's, Touro! 44 Kilometer liegen vor dir. Fahr vorsichtig, die Verkehrsregeln gelten auch für Stiere.	1ce084bc5eb3	Let's go, toro! 44 kilometres ahead. Ride carefully – traffic rules apply to bulls too.
7e8f37ae8753	Auf geht's, Touro! 45 Kilometer liegen vor dir. Fahr vorsichtig, die Verkehrsregeln gelten auch für Stiere.	0ea42d949b5e	Let's go, toro! 45 kilometres ahead. Ride carefully – traffic rules apply to bulls too.
5c3f6a2fb8d3	Auf geht's, Touro! 46 Kilometer liegen vor dir. Fahr vorsichtig, die Verkehrsregeln gelten auch für Stiere.	f0951322ee94	Let's go, toro! 46 kilometres ahead. Ride carefully – traffic rules apply to bulls too.
22dbb12cafa0	Auf geht's, Touro! 47 Kilometer liegen vor dir. Fahr vorsichtig, die Verkehrsregeln gelten auch für Stiere.	4af0d4b33e9f	Let's go, toro! 47 kilometres ahead. Ride carefully – traffic rules apply to bulls too.
c407b27c54ff	Auf geht's, Touro! 48 Kilometer liegen vor dir. Fahr vorsichtig, die Verkehrsregeln gelten auch für Stiere.	73fbe0c43363	Let's go, toro! 48 kilometres ahead. Ride carefully – traffic rules apply to bulls too.
b4026a589ddd	Auf geht's, Touro! 49 Kilometer liegen vor dir. Fahr vorsichtig, die Verkehrsregeln gelten auch für Stiere.	7d1870154705	Let's go, toro! 49 kilometres ahead. Ride carefully – traffic rules apply to bulls too.
9c7052270bb7	Auf geht's, Touro! 50 Kilometer liegen vor dir. Fahr vorsichtig, die Verkehrsregeln gelten auch für Stiere.	6fd5f5329903	Let's go, toro! 50 kilometres ahead. Ride carefully – traffic rules apply to bulls too.
57642812a79f	Auf geht's, Touro! 51 Kilometer liegen vor dir. Fahr vorsichtig, die Verkehrsregeln gelten auch für Stiere.	dbe800217cf8	Let's go, toro! 51 kilometres ahead. Ride carefully – traffic rules apply to bulls too.
42435cf5edb3	Auf geht's, Touro! 52 Kilometer liegen vor dir. Fahr vorsichtig, die Verkehrsregeln gelten auch für Stiere.	5d0c603ce922	Let's go, toro! 52 kilometres ahead. Ride carefully – traffic rules apply to bulls too.
fb916a0282e3	Auf geht's, Touro! 53 Kilometer liegen vor dir. Fahr vorsichtig, die Verkehrsregeln gelten auch für Stiere.	5cadc0ce3639	Let's go, toro! 53 kilometres ahead. Ride carefully – traffic rules apply to bulls too.
46f82c042f66	Auf geht's, Touro! 54 Kilometer liegen vor dir. Fahr vorsichtig, die Verkehrsregeln gelten auch für Stiere.	ccc2100fea82	Let's go, toro! 54 kilometres ahead. Ride carefully – traffic rules apply to bulls too.
fc55002927c1	Auf geht's, Touro! 55 Kilometer liegen vor dir. Fahr vorsichtig, die Verkehrsregeln gelten auch für Stiere.	8442c677b0e0	Let's go, toro! 55 kilometres ahead. Ride carefully – traffic rules apply to bulls too.
3c3e95b6d26a	Auf geht's, Touro! 56 Kilometer liegen vor dir. Fahr vorsichtig, die Verkehrsregeln gelten auch für Stiere.	009e917abf3e	Let's go, toro! 56 kilometres ahead. Ride carefully – traffic rules apply to bulls too.
4dee08a085c3	Auf geht's, Touro! 57 Kilometer liegen vor dir. Fahr vorsichtig, die Verkehrsregeln gelten auch für Stiere.	4e1f0c55b580	Let's go, toro! 57 kilometres ahead. Ride carefully – traffic rules apply to bulls too.
36ac28068b6d	Auf geht's, Touro! 58 Kilometer liegen vor dir. Fahr vorsichtig, die Verkehrsregeln gelten auch für Stiere.	b1bb2d490677	Let's go, toro! 58 kilometres ahead. Ride carefully – traffic rules apply to bulls too.
af550b5daf70	Auf geht's, Touro! 59 Kilometer liegen vor dir. Fahr vorsichtig, die Verkehrsregeln gelten auch für Stiere.	1f060146f48b	Let's go, toro! 59 kilometres ahead. Ride carefully – traffic rules apply to bulls too.
7677e0ea5957	Auf geht's, Touro! 60 Kilometer liegen vor dir. Fahr vorsichtig, die Verkehrsregeln gelten auch für Stiere.	c3b80b26bfeb	Let's go, toro! 60 kilometres ahead. Ride carefully – traffic rules apply to bulls too.
fc12ed9a1657	Simulation läuft. 1 Kilometer im Zeitraffer – lehn dich zurück.	0fcbaf1d41ce	Simulation running. 1 kilometres in time-lapse – sit back.
2b616ce8beac	Simulation läuft. 2 Kilometer im Zeitraffer – lehn dich zurück.	0511b3816e7d	Simulation running. 2 kilometres in time-lapse – sit back.
700e0e9562e7	Simulation läuft. 3 Kilometer im Zeitraffer – lehn dich zurück.	8adda75e5ca6	Simulation running. 3 kilometres in time-lapse – sit back.
083b96b7319d	Simulation läuft. 4 Kilometer im Zeitraffer – lehn dich zurück.	2a04f6c2aca3	Simulation running. 4 kilometres in time-lapse – sit back.
2421447b04ab	Simulation läuft. 5 Kilometer im Zeitraffer – lehn dich zurück.	72406b6f0abd	Simulation running. 5 kilometres in time-lapse – sit back.
bb88c80a5798	Simulation läuft. 6 Kilometer im Zeitraffer – lehn dich zurück.	37fb082f44ce	Simulation running. 6 kilometres in time-lapse – sit back.
f438482b396e	Simulation läuft. 7 Kilometer im Zeitraffer – lehn dich zurück.	2e16587ae29c	Simulation running. 7 kilometres in time-lapse – sit back.
16666f3c773d	Simulation läuft. 8 Kilometer im Zeitraffer – lehn dich zurück.	1047f7e8ad20	Simulation running. 8 kilometres in time-lapse – sit back.
d57bbb6ba021	Simulation läuft. 9 Kilometer im Zeitraffer – lehn dich zurück.	00b0bd0e4b5f	Simulation running. 9 kilometres in time-lapse – sit back.
82e705c5e415	Simulation läuft. 10 Kilometer im Zeitraffer – lehn dich zurück.	77509faf4bdb	Simulation running. 10 kilometres in time-lapse – sit back.
179728e93fd6	Simulation läuft. 11 Kilometer im Zeitraffer – lehn dich zurück.	4ac5d0cbd40d	Simulation running. 11 kilometres in time-lapse – sit back.
12d7059eedb2	Simulation läuft. 12 Kilometer im Zeitraffer – lehn dich zurück.	5c502fa6847f	Simulation running. 12 kilometres in time-lapse – sit back.
a404a5740e48	Simulation läuft. 13 Kilometer im Zeitraffer – lehn dich zurück.	da4858dc9aad	Simulation running. 13 kilometres in time-lapse – sit back.
54a906a68782	Simulation läuft. 14 Kilometer im Zeitraffer – lehn dich zurück.	fc07fe54db44	Simulation running. 14 kilometres in time-lapse – sit back.
2cefd98041f5	Simulation läuft. 15 Kilometer im Zeitraffer – lehn dich zurück.	b3837ef26bc7	Simulation running. 15 kilometres in time-lapse – sit back.
0bdf729de9b6	Simulation läuft. 16 Kilometer im Zeitraffer – lehn dich zurück.	21565da36d29	Simulation running. 16 kilometres in time-lapse – sit back.
78da02a2b7be	Simulation läuft. 17 Kilometer im Zeitraffer – lehn dich zurück.	d8b33eb103b7	Simulation running. 17 kilometres in time-lapse – sit back.
65f2c9e2979c	Simulation läuft. 18 Kilometer im Zeitraffer – lehn dich zurück.	d919eccbefbc	Simulation running. 18 kilometres in time-lapse – sit back.
8de8209414bc	Simulation läuft. 19 Kilometer im Zeitraffer – lehn dich zurück.	833581c2a02c	Simulation running. 19 kilometres in time-lapse – sit back.
c315c875ce43	Simulation läuft. 20 Kilometer im Zeitraffer – lehn dich zurück.	416a6400563a	Simulation running. 20 kilometres in time-lapse – sit back.
f23fe37077db	Simulation läuft. 21 Kilometer im Zeitraffer – lehn dich zurück.	df86b2470dd4	Simulation running. 21 kilometres in time-lapse – sit back.
676bb88e12aa	Simulation läuft. 22 Kilometer im Zeitraffer – lehn dich zurück.	6a4f6f656eac	Simulation running. 22 kilometres in time-lapse – sit back.
0ec7e0b96917	Simulation läuft. 23 Kilometer im Zeitraffer – lehn dich zurück.	6ab157af7124	Simulation running. 23 kilometres in time-lapse – sit back.
36e41454e22b	Simulation läuft. 24 Kilometer im Zeitraffer – lehn dich zurück.	545ec786d1db	Simulation running. 24 kilometres in time-lapse – sit back.
69a18c8feb6c	Simulation läuft. 25 Kilometer im Zeitraffer – lehn dich zurück.	f5cb08db1d9f	Simulation running. 25 kilometres in time-lapse – sit back.
fd641753acf3	Simulation läuft. 26 Kilometer im Zeitraffer – lehn dich zurück.	f0b52cb536e2	Simulation running. 26 kilometres in time-lapse – sit back.
03886510ac2a	Simulation läuft. 27 Kilometer im Zeitraffer – lehn dich zurück.	2e52cb6d73f7	Simulation running. 27 kilometres in time-lapse – sit back.
1eacf7dd3561	Simulation läuft. 28 Kilometer im Zeitraffer – lehn dich zurück.	8f89ae4f557f	Simulation running. 28 kilometres in time-lapse – sit back.
3be5a2c6aa1e	Simulation läuft. 29 Kilometer im Zeitraffer – lehn dich zurück.	bbd30ba68644	Simulation running. 29 kilometres in time-lapse – sit back.
359293d3683c	Simulation läuft. 30 Kilometer im Zeitraffer – lehn dich zurück.	0cc23ed162d6	Simulation running. 30 kilometres in time-lapse – sit back.
e9cac990c85d	Simulation läuft. 31 Kilometer im Zeitraffer – lehn dich zurück.	eb9a378059a7	Simulation running. 31 kilometres in time-lapse – sit back.
ecc01a04b529	Simulation läuft. 32 Kilometer im Zeitraffer – lehn dich zurück.	c9a5aaa1da2e	Simulation running. 32 kilometres in time-lapse – sit back.
97016456f9b2	Simulation läuft. 33 Kilometer im Zeitraffer – lehn dich zurück.	a137a8a9956a	Simulation running. 33 kilometres in time-lapse – sit back.
417a2e429eda	Simulation läuft. 34 Kilometer im Zeitraffer – lehn dich zurück.	75fa17e03fa4	Simulation running. 34 kilometres in time-lapse – sit back.
063217e65bbc	Simulation läuft. 35 Kilometer im Zeitraffer – lehn dich zurück.	7c4144121479	Simulation running. 35 kilometres in time-lapse – sit back.
0535bb1b4f9a	Simulation läuft. 36 Kilometer im Zeitraffer – lehn dich zurück.	9661ebb4d7e9	Simulation running. 36 kilometres in time-lapse – sit back.
acebcfb30d78	Simulation läuft. 37 Kilometer im Zeitraffer – lehn dich zurück.	c2e20f0905bc	Simulation running. 37 kilometres in time-lapse – sit back.
0047ecc42f6c	Simulation läuft. 38 Kilometer im Zeitraffer – lehn dich zurück.	fc42fa2a7596	Simulation running. 38 kilometres in time-lapse – sit back.
3dc88862c738	Simulation läuft. 39 Kilometer im Zeitraffer – lehn dich zurück.	b1c6d2501a53	Simulation running. 39 kilometres in time-lapse – sit back.
af26dece1fe6	Simulation läuft. 40 Kilometer im Zeitraffer – lehn dich zurück.	b92c5a99fede	Simulation running. 40 kilometres in time-lapse – sit back.
0181f0136762	Simulation läuft. 41 Kilometer im Zeitraffer – lehn dich zurück.	0258f73a7c83	Simulation running. 41 kilometres in time-lapse – sit back.
728b85a6a545	Simulation läuft. 42 Kilometer im Zeitraffer – lehn dich zurück.	513aa839e760	Simulation running. 42 kilometres in time-lapse – sit back.
75035fb48885	Simulation läuft. 43 Kilometer im Zeitraffer – lehn dich zurück.	02ef68e1ff64	Simulation running. 43 kilometres in time-lapse – sit back.
d4a38bfd41ec	Simulation läuft. 44 Kilometer im Zeitraffer – lehn dich zurück.	5d639aad4a11	Simulation running. 44 kilometres in time-lapse – sit back.
de5d588fe82d	Simulation läuft. 45 Kilometer im Zeitraffer – lehn dich zurück.	d757112166cc	Simulation running. 45 kilometres in time-lapse – sit back.
41dbd345d674	Simulation läuft. 46 Kilometer im Zeitraffer – lehn dich zurück.	3fda92ceeb25	Simulation running. 46 kilometres in time-lapse – sit back.
866e2e8c2eab	Simulation läuft. 47 Kilometer im Zeitraffer – lehn dich zurück.	bbddbdd13383	Simulation running. 47 kilometres in time-lapse – sit back.
2f3c9a08ae0a	Simulation läuft. 48 Kilometer im Zeitraffer – lehn dich zurück.	989299464e38	Simulation running. 48 kilometres in time-lapse – sit back.
50be54d62b8d	Simulation läuft. 49 Kilometer im Zeitraffer – lehn dich zurück.	87874173bccd	Simulation running. 49 kilometres in time-lapse – sit back.
d2db930e084e	Simulation läuft. 50 Kilometer im Zeitraffer – lehn dich zurück.	22ec03896a84	Simulation running. 50 kilometres in time-lapse – sit back.
e57b6585bf76	Simulation läuft. 51 Kilometer im Zeitraffer – lehn dich zurück.	dac3959c350e	Simulation running. 51 kilometres in time-lapse – sit back.
00dadd83be4b	Simulation läuft. 52 Kilometer im Zeitraffer – lehn dich zurück.	dcc7e5c27880	Simulation running. 52 kilometres in time-lapse – sit back.
b5807bbc513a	Simulation läuft. 53 Kilometer im Zeitraffer – lehn dich zurück.	e95541e31f77	Simulation running. 53 kilometres in time-lapse – sit back.
76e8f357a706	Simulation läuft. 54 Kilometer im Zeitraffer – lehn dich zurück.	7c4a69377aad	Simulation running. 54 kilometres in time-lapse – sit back.
a9975ea3fbf8	Simulation läuft. 55 Kilometer im Zeitraffer – lehn dich zurück.	f2f447a73a6e	Simulation running. 55 kilometres in time-lapse – sit back.
2aaacf0b7088	Simulation läuft. 56 Kilometer im Zeitraffer – lehn dich zurück.	9d728a50a43e	Simulation running. 56 kilometres in time-lapse – sit back.
8fee2f26feb7	Simulation läuft. 57 Kilometer im Zeitraffer – lehn dich zurück.	f2b0d87b4ed0	Simulation running. 57 kilometres in time-lapse – sit back.
13d4216fd336	Simulation läuft. 58 Kilometer im Zeitraffer – lehn dich zurück.	dc59da7b5379	Simulation running. 58 kilometres in time-lapse – sit back.
31ca42e5c691	Simulation läuft. 59 Kilometer im Zeitraffer – lehn dich zurück.	34407f406396	Simulation running. 59 kilometres in time-lapse – sit back.
7d060ff17263	Simulation läuft. 60 Kilometer im Zeitraffer – lehn dich zurück.	f9f73f193649	Simulation running. 60 kilometres in time-lapse – sit back.
120d37db7669	Ziel erreicht! Die Herde ist stolz auf dich.	7323e0998506	You have arrived! The herd is proud of you.
585c4f1b5fd0	Halbzeit, Touro! Noch 1 Kilometer.	b2f2407dcfe5	Halfway, toro! 1 kilometres to go.
b0334845811c	Halbzeit, Touro! Noch 2 Kilometer.	7c0963e999e9	Halfway, toro! 2 kilometres to go.
5721e9ffdab5	Halbzeit, Touro! Noch 3 Kilometer.	ad45319a35c2	Halfway, toro! 3 kilometres to go.
d86b6e16838f	Halbzeit, Touro! Noch 4 Kilometer.	474131b70bfa	Halfway, toro! 4 kilometres to go.
6040c328ff18	Halbzeit, Touro! Noch 5 Kilometer.	ecc318f30248	Halfway, toro! 5 kilometres to go.
b0ac4615d7aa	Halbzeit, Touro! Noch 6 Kilometer.	56176b942151	Halfway, toro! 6 kilometres to go.
12218ec8d631	Halbzeit, Touro! Noch 7 Kilometer.	3fadad40fc6d	Halfway, toro! 7 kilometres to go.
9773387d5c3b	Halbzeit, Touro! Noch 8 Kilometer.	1d6facc5e735	Halfway, toro! 8 kilometres to go.
cff0e9b13375	Halbzeit, Touro! Noch 9 Kilometer.	47dc1a874dc9	Halfway, toro! 9 kilometres to go.
4c2812cf8a41	Halbzeit, Touro! Noch 10 Kilometer.	17a2732997a3	Halfway, toro! 10 kilometres to go.
ae464a009041	Halbzeit, Touro! Noch 11 Kilometer.	d566a2f06095	Halfway, toro! 11 kilometres to go.
b8ce816a56c2	Halbzeit, Touro! Noch 12 Kilometer.	42b41256780f	Halfway, toro! 12 kilometres to go.
ebd7f0d53550	Halbzeit, Touro! Noch 13 Kilometer.	f15c2b0cc83e	Halfway, toro! 13 kilometres to go.
3d51374c839b	Halbzeit, Touro! Noch 14 Kilometer.	3221df68e59a	Halfway, toro! 14 kilometres to go.
08863ff37177	Halbzeit, Touro! Noch 15 Kilometer.	c13223e3773f	Halfway, toro! 15 kilometres to go.
9130176dffda	Halbzeit, Touro! Noch 16 Kilometer.	26554c6fc489	Halfway, toro! 16 kilometres to go.
d68e8b1755b8	Halbzeit, Touro! Noch 17 Kilometer.	80d31a4af4f1	Halfway, toro! 17 kilometres to go.
d59114feaa00	Halbzeit, Touro! Noch 18 Kilometer.	e1875e1aa2f9	Halfway, toro! 18 kilometres to go.
9164e6b7105f	Halbzeit, Touro! Noch 19 Kilometer.	03e144282dd7	Halfway, toro! 19 kilometres to go.
0fd6c76f1eaa	Halbzeit, Touro! Noch 20 Kilometer.	83fdcb4f4090	Halfway, toro! 20 kilometres to go.
448f15087bfe	Halbzeit, Touro! Noch 21 Kilometer.	5d1bd6c18d49	Halfway, toro! 21 kilometres to go.
b7854cac1877	Halbzeit, Touro! Noch 22 Kilometer.	45871292b5cb	Halfway, toro! 22 kilometres to go.
a801158c2aa5	Halbzeit, Touro! Noch 23 Kilometer.	5ac0a2c10164	Halfway, toro! 23 kilometres to go.
6334851cc7f9	Halbzeit, Touro! Noch 24 Kilometer.	1a0523e0e949	Halfway, toro! 24 kilometres to go.
3ceb90e54d98	Halbzeit, Touro! Noch 25 Kilometer.	df3ddd9631f9	Halfway, toro! 25 kilometres to go.
8eb995e17174	Halbzeit, Touro! Noch 26 Kilometer.	8b685bd3e92d	Halfway, toro! 26 kilometres to go.
fd46106bb0b8	Halbzeit, Touro! Noch 27 Kilometer.	3d2f60021f2d	Halfway, toro! 27 kilometres to go.
d30b28dc6716	Halbzeit, Touro! Noch 28 Kilometer.	c9d2ef2c7033	Halfway, toro! 28 kilometres to go.
f33bb19f2032	Halbzeit, Touro! Noch 29 Kilometer.	8d207f2eaf35	Halfway, toro! 29 kilometres to go.
90fbacf004d4	Halbzeit, Touro! Noch 30 Kilometer.	af61ef8d0b46	Halfway, toro! 30 kilometres to go.
a042e7c9b396	Halbzeit, Touro! Noch 31 Kilometer.	534b2ba68afd	Halfway, toro! 31 kilometres to go.
a0a3a2036307	Halbzeit, Touro! Noch 32 Kilometer.	04f0278b0029	Halfway, toro! 32 kilometres to go.
a7ed0dbecc55	Halbzeit, Touro! Noch 33 Kilometer.	9df223f999e4	Halfway, toro! 33 kilometres to go.
983da001d00a	Halbzeit, Touro! Noch 34 Kilometer.	09ef9504d1c8	Halfway, toro! 34 kilometres to go.
c4e00cc7454f	Halbzeit, Touro! Noch 35 Kilometer.	aedb1e8220cd	Halfway, toro! 35 kilometres to go.
36f08e2566b6	Halbzeit, Touro! Noch 36 Kilometer.	fa2c3c298f16	Halfway, toro! 36 kilometres to go.
022977b4d266	Halbzeit, Touro! Noch 37 Kilometer.	429eb08a8027	Halfway, toro! 37 kilometres to go.
d7e0d84998ad	Halbzeit, Touro! Noch 38 Kilometer.	ae2e412aa829	Halfway, toro! 38 kilometres to go.
8206ec9c3d56	Halbzeit, Touro! Noch 39 Kilometer.	3c9fddc2d345	Halfway, toro! 39 kilometres to go.
eecccae254c5	Halbzeit, Touro! Noch 40 Kilometer.	43d712539f5d	Halfway, toro! 40 kilometres to go.
46d6b9f62351	Halbzeit, Touro! Noch 41 Kilometer.	cb218cb7a424	Halfway, toro! 41 kilometres to go.
68000410ddd3	Halbzeit, Touro! Noch 42 Kilometer.	7e4fe6fec1b1	Halfway, toro! 42 kilometres to go.
82a2f3c9f5bd	Halbzeit, Touro! Noch 43 Kilometer.	9a8d93e95920	Halfway, toro! 43 kilometres to go.
acaa823d8dc5	Halbzeit, Touro! Noch 44 Kilometer.	7d2f28ad9018	Halfway, toro! 44 kilometres to go.
a0a46b119b16	Halbzeit, Touro! Noch 45 Kilometer.	8c2ff4aed2ba	Halfway, toro! 45 kilometres to go.
e527ac19f8a1	Halbzeit, Touro! Noch 46 Kilometer.	7a6a3d94eb3d	Halfway, toro! 46 kilometres to go.
c6872035a663	Halbzeit, Touro! Noch 47 Kilometer.	a04f08b72290	Halfway, toro! 47 kilometres to go.
1243cad833b3	Halbzeit, Touro! Noch 48 Kilometer.	34b53e1018da	Halfway, toro! 48 kilometres to go.
971c971d7533	Halbzeit, Touro! Noch 49 Kilometer.	cef3172222b8	Halfway, toro! 49 kilometres to go.
fcbad1d0171b	Halbzeit, Touro! Noch 50 Kilometer.	e4e0fe0423e9	Halfway, toro! 50 kilometres to go.
44ae2076fb3e	Halbzeit, Touro! Noch 51 Kilometer.	4710ea9de26c	Halfway, toro! 51 kilometres to go.
df6bdc76d5ee	Halbzeit, Touro! Noch 52 Kilometer.	4ea5eac77fb2	Halfway, toro! 52 kilometres to go.
a71d6095e4d2	Halbzeit, Touro! Noch 53 Kilometer.	4dfdf4f20cbd	Halfway, toro! 53 kilometres to go.
7e5eb82eb3a1	Halbzeit, Touro! Noch 54 Kilometer.	f336142283e2	Halfway, toro! 54 kilometres to go.
130787317255	Halbzeit, Touro! Noch 55 Kilometer.	5d53a0a0e355	Halfway, toro! 55 kilometres to go.
6917bfe51d28	Halbzeit, Touro! Noch 56 Kilometer.	426ebf304c8f	Halfway, toro! 56 kilometres to go.
e3ca2d376dcd	Halbzeit, Touro! Noch 57 Kilometer.	3cefea437b3e	Halfway, toro! 57 kilometres to go.
b3a9da296de8	Halbzeit, Touro! Noch 58 Kilometer.	eaf218d88aad	Halfway, toro! 58 kilometres to go.
c7b64d4f5293	Halbzeit, Touro! Noch 59 Kilometer.	6b7bf50465e3	Halfway, toro! 59 kilometres to go.
38fd8b76b586	Halbzeit, Touro! Noch 60 Kilometer.	3d8b4c38babf	Halfway, toro! 60 kilometres to go.
ea321fe088ef	Du hast die Herde verlassen. Zurück zur blauen Linie.	cbf4a8fd2bb1	You left the herd. Head back to the blue line.
21dda2ca38a3	Wieder in der Spur, Touro!	cd7887979653	Back on track, toro!
af0d6e466c53	Kein GPS-Signal – Standort im Browser erlauben und unter freiem Himmel probieren.	c682d9f866f3	No GPS signal – allow location in your browser and try under open sky.
d6e4e0a67114	Neuer Weg gefunden – ich führe dich zurück auf die Strecke.	7d3440651147	New way found – I will guide you back onto the route.
8e772a83012b	Für diese Tour gibt es keine Abbiegehinweise vom Router – ich sage dir die Kurven trotzdem an.	69d2cde2acfa	This route has no turn instructions from the router – I will call out the bends anyway.
21308b84b024	In 60 Metern links abbiegen.	1f6120730aee	In 60 metres, turn left.
68b02ca3f786	In 70 Metern links abbiegen.	ff48e221d7c3	In 70 metres, turn left.
877996f3a68e	In 80 Metern links abbiegen.	c55569a74544	In 80 metres, turn left.
b8dff84bd439	In 90 Metern links abbiegen.	a79a36b9d888	In 90 metres, turn left.
993a84ca0858	In 100 Metern links abbiegen.	b4a40d6100cd	In 100 metres, turn left.
e7ffd2143b4e	In 150 Metern links abbiegen.	bfca3fb1d873	In 150 metres, turn left.
250184a44e84	In 200 Metern links abbiegen.	0698be8f221f	In 200 metres, turn left.
065ede2dea67	In 250 Metern links abbiegen.	6591cc51eeb0	In 250 metres, turn left.
43ed75e18313	In 300 Metern links abbiegen.	54ccbcf41c0e	In 300 metres, turn left.
5c17a58395dd	In 400 Metern links abbiegen.	037e569d69d1	In 400 metres, turn left.
4314471f236f	In 500 Metern links abbiegen.	be18cfa68ee0	In 500 metres, turn left.
094e039046cc	Jetzt links – Hörner nach links!	5cb3ba8a9e77	Turn left now – horns to the left!
f3b5a498704c	In 60 Metern halb links.	d0e1a7689a17	In 60 metres, bear left.
72e9e27a3dda	In 70 Metern halb links.	f50e89b159ec	In 70 metres, bear left.
83d9c633600f	In 80 Metern halb links.	246aa4db0010	In 80 metres, bear left.
dcf36ca1ea43	In 90 Metern halb links.	eac9618994a1	In 90 metres, bear left.
911621f91391	In 100 Metern halb links.	3cfc326094f6	In 100 metres, bear left.
25aa2903d0ba	In 150 Metern halb links.	684ed43f054d	In 150 metres, bear left.
d629eaf3a3e7	In 200 Metern halb links.	eb1f6ac921a3	In 200 metres, bear left.
afd679ac52e3	In 250 Metern halb links.	5c280082d460	In 250 metres, bear left.
80cb32a9a368	In 300 Metern halb links.	0cc266d39744	In 300 metres, bear left.
9245cb8d8e23	In 400 Metern halb links.	94778002a71f	In 400 metres, bear left.
aef5bb89b101	In 500 Metern halb links.	c82ab51564ca	In 500 metres, bear left.
8303e5298ce8	Jetzt leicht links halten.	6405f862b758	Bear left now.
e94226137e86	In 60 Metern scharf links.	f3f58da2bb68	In 60 metres, sharp left.
0488f5991f08	In 70 Metern scharf links.	324519680be9	In 70 metres, sharp left.
635b99a1e3ce	In 80 Metern scharf links.	25a149bb3934	In 80 metres, sharp left.
a1c98beb620d	In 90 Metern scharf links.	4042057109dc	In 90 metres, sharp left.
8f3048bffdb2	In 100 Metern scharf links.	55c4de6b9b43	In 100 metres, sharp left.
287d03e93ac7	In 150 Metern scharf links.	a6e8e70df83e	In 150 metres, sharp left.
b132b62faa78	In 200 Metern scharf links.	257a376d95e4	In 200 metres, sharp left.
d1b0092977b0	In 250 Metern scharf links.	1a640e6a24a0	In 250 metres, sharp left.
d02a487e2d3c	In 300 Metern scharf links.	ae4f64aed4d6	In 300 metres, sharp left.
8075d069642a	In 400 Metern scharf links.	39e6b533fc4e	In 400 metres, sharp left.
de5a3a3c76bd	In 500 Metern scharf links.	b78c7fabd810	In 500 metres, sharp left.
94e3138dcac9	Jetzt scharf links – Tempo raus, Touro!	be0a878d060d	Sharp left now – slow down, toro!
6226f00420d1	In 60 Metern rechts abbiegen.	0aba882b7d2d	In 60 metres, turn right.
39ea66bc3064	In 70 Metern rechts abbiegen.	74194d2b9ca7	In 70 metres, turn right.
35e292f0a167	In 80 Metern rechts abbiegen.	3a39f6a5a645	In 80 metres, turn right.
bc92de7e2384	In 90 Metern rechts abbiegen.	8af435ce89a3	In 90 metres, turn right.
ada37951fed0	In 100 Metern rechts abbiegen.	0dfed0707a1d	In 100 metres, turn right.
0357bf5faa8b	In 150 Metern rechts abbiegen.	f2cd9110f5be	In 150 metres, turn right.
611d5d7ef9b8	In 200 Metern rechts abbiegen.	30efe6309b52	In 200 metres, turn right.
1f762042e38a	In 250 Metern rechts abbiegen.	013a559a19b2	In 250 metres, turn right.
05f2325f64b3	In 300 Metern rechts abbiegen.	aafe93bf0271	In 300 metres, turn right.
79e78c687958	In 400 Metern rechts abbiegen.	e8df05cf6118	In 400 metres, turn right.
ece47a580703	In 500 Metern rechts abbiegen.	d4c424fabcc4	In 500 metres, turn right.
c1d132ff0fa9	Jetzt rechts – Hörner nach rechts!	da8536e08053	Turn right now – horns to the right!
59a59ef0aa95	In 60 Metern halb rechts.	4943cf9f0e6f	In 60 metres, bear right.
04d2fd8fc3e5	In 70 Metern halb rechts.	17b0ea575bf8	In 70 metres, bear right.
8044bead32bc	In 80 Metern halb rechts.	fe963992d69e	In 80 metres, bear right.
c0daeb86fccf	In 90 Metern halb rechts.	e24ee9c7e915	In 90 metres, bear right.
549662645ed6	In 100 Metern halb rechts.	90e7ae93e57f	In 100 metres, bear right.
9b5d6e25058e	In 150 Metern halb rechts.	f3d8ea12c122	In 150 metres, bear right.
176c1e60c06d	In 200 Metern halb rechts.	4a3963aed79e	In 200 metres, bear right.
18ed84dd0fe2	In 250 Metern halb rechts.	0a54aa77b788	In 250 metres, bear right.
182b9603ca87	In 300 Metern halb rechts.	040ff0f1d4e0	In 300 metres, bear right.
7bad627d408c	In 400 Metern halb rechts.	dbad757e7219	In 400 metres, bear right.
9cc89953eb69	In 500 Metern halb rechts.	1c910f0efbfa	In 500 metres, bear right.
a630f519da95	Jetzt leicht rechts halten.	939d20be70ae	Bear right now.
68331d937c67	In 60 Metern scharf rechts.	af3f84883ae1	In 60 metres, sharp right.
d76418a5e758	In 70 Metern scharf rechts.	4e0fdb028fa1	In 70 metres, sharp right.
a0d27939f225	In 80 Metern scharf rechts.	2308b9decb7e	In 80 metres, sharp right.
4e8652835970	In 90 Metern scharf rechts.	b917c92a1c76	In 90 metres, sharp right.
95081ec39be6	In 100 Metern scharf rechts.	5856cfe0a4e2	In 100 metres, sharp right.
6d7e1ac12742	In 150 Metern scharf rechts.	5760cde73f95	In 150 metres, sharp right.
255eb3ccabf7	In 200 Metern scharf rechts.	50903bc264bc	In 200 metres, sharp right.
1f97167cbcf9	In 250 Metern scharf rechts.	60b114e412f9	In 250 metres, sharp right.
65155dcbb074	In 300 Metern scharf rechts.	5e3478f7f839	In 300 metres, sharp right.
767fd4dd2ac6	In 400 Metern scharf rechts.	cb03a6cf840c	In 400 metres, sharp right.
f4e06bb92156	In 500 Metern scharf rechts.	23a1a6fe825f	In 500 metres, sharp right.
12f1a4ab3a1b	Jetzt scharf rechts – Tempo raus, Touro!	bc9704ade30d	Sharp right now – slow down, toro!
7991c114986e	In 60 Metern links halten.	452147a2da57	In 60 metres, keep left.
2bf75780e361	In 70 Metern links halten.	fb40ecc025fc	In 70 metres, keep left.
90809aa9f2ba	In 80 Metern links halten.	9e68a900a19e	In 80 metres, keep left.
ef0e642c1360	In 90 Metern links halten.	f363c39d7a8d	In 90 metres, keep left.
4c01b045bc24	In 100 Metern links halten.	591f3269f7b0	In 100 metres, keep left.
28129196a1b4	In 150 Metern links halten.	c6795f4089b2	In 150 metres, keep left.
69a1bd194300	In 200 Metern links halten.	a34273751f07	In 200 metres, keep left.
716c6ee659d3	In 250 Metern links halten.	f0175092c9e7	In 250 metres, keep left.
9af8eb10164c	In 300 Metern links halten.	a152771c8516	In 300 metres, keep left.
2aa4c7874950	In 400 Metern links halten.	d50b07126d63	In 400 metres, keep left.
29b963ff2510	In 500 Metern links halten.	7ad39bdbb1c7	In 500 metres, keep left.
824e6411dec7	Links halten.	80fa5d397bdc	Keep left.
746e9fa4ea5c	In 60 Metern rechts halten.	f6e788f69970	In 60 metres, keep right.
c335c49229f0	In 70 Metern rechts halten.	d172b6b9bba9	In 70 metres, keep right.
b2de093e4eb0	In 80 Metern rechts halten.	ab034184caef	In 80 metres, keep right.
2a282da1dd5a	In 90 Metern rechts halten.	f171de3ec45d	In 90 metres, keep right.
bfad34906cb3	In 100 Metern rechts halten.	af8a65623978	In 100 metres, keep right.
a5da2edd9623	In 150 Metern rechts halten.	d1e8aa4d6dc8	In 150 metres, keep right.
88e0898a1be8	In 200 Metern rechts halten.	a838fced6116	In 200 metres, keep right.
040854672331	In 250 Metern rechts halten.	0ee3cde3fcad	In 250 metres, keep right.
f58d806eda61	In 300 Metern rechts halten.	7fef7987da26	In 300 metres, keep right.
e00c043d1ed0	In 400 Metern rechts halten.	74b1d09a5325	In 400 metres, keep right.
94d727417e2e	In 500 Metern rechts halten.	8ce55d2a0e9e	In 500 metres, keep right.
a417b150c6e3	Rechts halten.	4778d143022b	Keep right.
728697d4f442	In 60 Metern wenden.	ab67ac4cc366	In 60 metres, make a U-turn.
b7e5fb1e8e01	In 70 Metern wenden.	21f9353ed37f	In 70 metres, make a U-turn.
99672941126a	In 80 Metern wenden.	b8b9e2c7fa0c	In 80 metres, make a U-turn.
94d98e926b8e	In 90 Metern wenden.	95c6a0f5bcd8	In 90 metres, make a U-turn.
a448969d9c02	In 100 Metern wenden.	f866f6b1cb72	In 100 metres, make a U-turn.
67fd4021bec2	In 150 Metern wenden.	694b4aeb1a0c	In 150 metres, make a U-turn.
f16a79673e9d	In 200 Metern wenden.	639d35d4714d	In 200 metres, make a U-turn.
3559f608c385	In 250 Metern wenden.	06ac191dca5e	In 250 metres, make a U-turn.
2c89d9c3dbfb	In 300 Metern wenden.	84ca251921e3	In 300 metres, make a U-turn.
7b06e5842b4b	In 400 Metern wenden.	5704690da956	In 400 metres, make a U-turn.
f0a4c9dc5bc5	In 500 Metern wenden.	c22c4d2dfdb6	In 500 metres, make a U-turn.
952fc106006c	Jetzt wenden – der Stier macht kehrt.	7dee04e70090	U-turn now – the bull turns around.
8086fd56eddf	In 60 Metern in den Kreisverkehr, 1. Ausfahrt.	62b4aa0ee478	In 60 metres, enter the roundabout, exit 1.
686a1036b17e	In 60 Metern in den Kreisverkehr, 2. Ausfahrt.	971d18b43dd9	In 60 metres, enter the roundabout, exit 2.
701f30fa7192	In 60 Metern in den Kreisverkehr, 3. Ausfahrt.	ce85edc33959	In 60 metres, enter the roundabout, exit 3.
c2cd22b7a302	In 60 Metern in den Kreisverkehr, 4. Ausfahrt.	1a6bcab5b9b4	In 60 metres, enter the roundabout, exit 4.
b20c79165cb2	In 60 Metern in den Kreisverkehr, 5. Ausfahrt.	c5a1ae1e6a2c	In 60 metres, enter the roundabout, exit 5.
18e3322833b6	In 60 Metern in den Kreisverkehr, 6. Ausfahrt.	45419fdcb8fa	In 60 metres, enter the roundabout, exit 6.
e6653979b707	In 60 Metern in den Kreisverkehr, 7. Ausfahrt.	b4e9a1b8e1cf	In 60 metres, enter the roundabout, exit 7.
cc15ab006ebd	In 60 Metern in den Kreisverkehr, 8. Ausfahrt.	7cf78ba956f8	In 60 metres, enter the roundabout, exit 8.
fbc1d2051871	In 70 Metern in den Kreisverkehr, 1. Ausfahrt.	e1a95105d643	In 70 metres, enter the roundabout, exit 1.
dd6ea8285086	In 70 Metern in den Kreisverkehr, 2. Ausfahrt.	1c33074147ea	In 70 metres, enter the roundabout, exit 2.
cb653e1f39fc	In 70 Metern in den Kreisverkehr, 3. Ausfahrt.	d805bb4cee21	In 70 metres, enter the roundabout, exit 3.
7721a554e9d0	In 70 Metern in den Kreisverkehr, 4. Ausfahrt.	d62b7f246b34	In 70 metres, enter the roundabout, exit 4.
9b373ebb9c1a	In 70 Metern in den Kreisverkehr, 5. Ausfahrt.	21f2db5ddd4f	In 70 metres, enter the roundabout, exit 5.
9349bf33bc9b	In 70 Metern in den Kreisverkehr, 6. Ausfahrt.	530765868d4c	In 70 metres, enter the roundabout, exit 6.
590cc6779ba4	In 70 Metern in den Kreisverkehr, 7. Ausfahrt.	a41354c90749	In 70 metres, enter the roundabout, exit 7.
c4c5006df027	In 70 Metern in den Kreisverkehr, 8. Ausfahrt.	1c7b8c7f56cc	In 70 metres, enter the roundabout, exit 8.
48c90473f3df	In 80 Metern in den Kreisverkehr, 1. Ausfahrt.	e4ee8bfe4a31	In 80 metres, enter the roundabout, exit 1.
d18110bef386	In 80 Metern in den Kreisverkehr, 2. Ausfahrt.	28d665e3c291	In 80 metres, enter the roundabout, exit 2.
2ec02af691b7	In 80 Metern in den Kreisverkehr, 3. Ausfahrt.	09fb8fa52540	In 80 metres, enter the roundabout, exit 3.
44d53d3d90f3	In 80 Metern in den Kreisverkehr, 4. Ausfahrt.	6752b69012c8	In 80 metres, enter the roundabout, exit 4.
b113bb79bbe5	In 80 Metern in den Kreisverkehr, 5. Ausfahrt.	93568330ad99	In 80 metres, enter the roundabout, exit 5.
0d61c8cb873b	In 80 Metern in den Kreisverkehr, 6. Ausfahrt.	247a3af94ff0	In 80 metres, enter the roundabout, exit 6.
ccf752685a20	In 80 Metern in den Kreisverkehr, 7. Ausfahrt.	0540dac8b583	In 80 metres, enter the roundabout, exit 7.
0932f151111b	In 80 Metern in den Kreisverkehr, 8. Ausfahrt.	3dd04b199ffb	In 80 metres, enter the roundabout, exit 8.
6344731672a4	In 90 Metern in den Kreisverkehr, 1. Ausfahrt.	cb476b70eaa8	In 90 metres, enter the roundabout, exit 1.
fc031eb6dbd3	In 90 Metern in den Kreisverkehr, 2. Ausfahrt.	146ea97736cf	In 90 metres, enter the roundabout, exit 2.
084f2fb26141	In 90 Metern in den Kreisverkehr, 3. Ausfahrt.	6b2a585a8f7a	In 90 metres, enter the roundabout, exit 3.
6a9fbed13c1c	In 90 Metern in den Kreisverkehr, 4. Ausfahrt.	7a34e5b64218	In 90 metres, enter the roundabout, exit 4.
10956ee8af41	In 90 Metern in den Kreisverkehr, 5. Ausfahrt.	917352d93288	In 90 metres, enter the roundabout, exit 5.
01fbe6fc3fad	In 90 Metern in den Kreisverkehr, 6. Ausfahrt.	f241fd44a5d6	In 90 metres, enter the roundabout, exit 6.
2047c2721d41	In 90 Metern in den Kreisverkehr, 7. Ausfahrt.	891945668539	In 90 metres, enter the roundabout, exit 7.
dad1ab0bcae7	In 90 Metern in den Kreisverkehr, 8. Ausfahrt.	309f917f409f	In 90 metres, enter the roundabout, exit 8.
8d69fb2c7c8c	In 100 Metern in den Kreisverkehr, 1. Ausfahrt.	4142a5ef1268	In 100 metres, enter the roundabout, exit 1.
5a5974fe01c8	In 100 Metern in den Kreisverkehr, 2. Ausfahrt.	5907617a62f1	In 100 metres, enter the roundabout, exit 2.
092fac824285	In 100 Metern in den Kreisverkehr, 3. Ausfahrt.	4aeba7784ae0	In 100 metres, enter the roundabout, exit 3.
4658fc0b9797	In 100 Metern in den Kreisverkehr, 4. Ausfahrt.	231b5ee2d272	In 100 metres, enter the roundabout, exit 4.
06fcc8a42cbf	In 100 Metern in den Kreisverkehr, 5. Ausfahrt.	053e7fff1b52	In 100 metres, enter the roundabout, exit 5.
65403117fe55	In 100 Metern in den Kreisverkehr, 6. Ausfahrt.	9968f8e82f19	In 100 metres, enter the roundabout, exit 6.
a41cbc250cae	In 100 Metern in den Kreisverkehr, 7. Ausfahrt.	3bfe97081acc	In 100 metres, enter the roundabout, exit 7.
18195bee30ac	In 100 Metern in den Kreisverkehr, 8. Ausfahrt.	061152741d91	In 100 metres, enter the roundabout, exit 8.
988a3d6adc14	In 150 Metern in den Kreisverkehr, 1. Ausfahrt.	7c227fc20d20	In 150 metres, enter the roundabout, exit 1.
47c809782828	In 150 Metern in den Kreisverkehr, 2. Ausfahrt.	1074393e1af3	In 150 metres, enter the roundabout, exit 2.
2f08cc7455b4	In 150 Metern in den Kreisverkehr, 3. Ausfahrt.	97852b47167f	In 150 metres, enter the roundabout, exit 3.
7dfa12ccf99e	In 150 Metern in den Kreisverkehr, 4. Ausfahrt.	94a9b190d968	In 150 metres, enter the roundabout, exit 4.
7afaa996977b	In 150 Metern in den Kreisverkehr, 5. Ausfahrt.	68ae9dc9a4d9	In 150 metres, enter the roundabout, exit 5.
4f941ef7da19	In 150 Metern in den Kreisverkehr, 6. Ausfahrt.	64c6cf975235	In 150 metres, enter the roundabout, exit 6.
0bfcd513aa01	In 150 Metern in den Kreisverkehr, 7. Ausfahrt.	4dfdd6df774e	In 150 metres, enter the roundabout, exit 7.
294b4f9d2fd8	In 150 Metern in den Kreisverkehr, 8. Ausfahrt.	df60b89c690b	In 150 metres, enter the roundabout, exit 8.
aa9d8e7d4ec3	In 200 Metern in den Kreisverkehr, 1. Ausfahrt.	f1a987cca1d3	In 200 metres, enter the roundabout, exit 1.
c2208c1627a7	In 200 Metern in den Kreisverkehr, 2. Ausfahrt.	e21f5d1bf5b4	In 200 metres, enter the roundabout, exit 2.
4f6a35bb4dad	In 200 Metern in den Kreisverkehr, 3. Ausfahrt.	87bc9030c8b2	In 200 metres, enter the roundabout, exit 3.
ac0e4d867f43	In 200 Metern in den Kreisverkehr, 4. Ausfahrt.	afeee95e0654	In 200 metres, enter the roundabout, exit 4.
dbbfd2beb3ae	In 200 Metern in den Kreisverkehr, 5. Ausfahrt.	0b86e445f394	In 200 metres, enter the roundabout, exit 5.
8d2e3568b769	In 200 Metern in den Kreisverkehr, 6. Ausfahrt.	baae40ef7c37	In 200 metres, enter the roundabout, exit 6.
29f7dd403992	In 200 Metern in den Kreisverkehr, 7. Ausfahrt.	3c035f03b790	In 200 metres, enter the roundabout, exit 7.
0a8345504eff	In 200 Metern in den Kreisverkehr, 8. Ausfahrt.	bcd98c85ef5e	In 200 metres, enter the roundabout, exit 8.
5eed10960d6a	In 250 Metern in den Kreisverkehr, 1. Ausfahrt.	b2e3980493f3	In 250 metres, enter the roundabout, exit 1.
1e58bbdb4bc4	In 250 Metern in den Kreisverkehr, 2. Ausfahrt.	108e154d3868	In 250 metres, enter the roundabout, exit 2.
582becdb32a6	In 250 Metern in den Kreisverkehr, 3. Ausfahrt.	c06747dd8f8b	In 250 metres, enter the roundabout, exit 3.
7e7d131ed3ae	In 250 Metern in den Kreisverkehr, 4. Ausfahrt.	8c827c8d6591	In 250 metres, enter the roundabout, exit 4.
91077afa5cdf	In 250 Metern in den Kreisverkehr, 5. Ausfahrt.	06f9ee61f30f	In 250 metres, enter the roundabout, exit 5.
ac40e3c6acbb	In 250 Metern in den Kreisverkehr, 6. Ausfahrt.	1d399246cf92	In 250 metres, enter the roundabout, exit 6.
17158addea57	In 250 Metern in den Kreisverkehr, 7. Ausfahrt.	861a2f239753	In 250 metres, enter the roundabout, exit 7.
86302425d707	In 250 Metern in den Kreisverkehr, 8. Ausfahrt.	9ccc6f98bc3a	In 250 metres, enter the roundabout, exit 8.
d4165e14a4a1	In 300 Metern in den Kreisverkehr, 1. Ausfahrt.	b9a29ade59d6	In 300 metres, enter the roundabout, exit 1.
4e35ede28079	In 300 Metern in den Kreisverkehr, 2. Ausfahrt.	3db5f898fdcb	In 300 metres, enter the roundabout, exit 2.
856b0cf21ec8	In 300 Metern in den Kreisverkehr, 3. Ausfahrt.	b659e98a5160	In 300 metres, enter the roundabout, exit 3.
5fe8d74f2a01	In 300 Metern in den Kreisverkehr, 4. Ausfahrt.	3d1a58e6c7f4	In 300 metres, enter the roundabout, exit 4.
127e060a1919	In 300 Metern in den Kreisverkehr, 5. Ausfahrt.	3605afca2298	In 300 metres, enter the roundabout, exit 5.
9384549953ed	In 300 Metern in den Kreisverkehr, 6. Ausfahrt.	ab74ac85a2bd	In 300 metres, enter the roundabout, exit 6.
a7d8c1767369	In 300 Metern in den Kreisverkehr, 7. Ausfahrt.	b2c66b51e13f	In 300 metres, enter the roundabout, exit 7.
46eb47356bfe	In 300 Metern in den Kreisverkehr, 8. Ausfahrt.	e7fca42fa5f2	In 300 metres, enter the roundabout, exit 8.
7814ae7987ed	In 400 Metern in den Kreisverkehr, 1. Ausfahrt.	e28be31b859c	In 400 metres, enter the roundabout, exit 1.
b037c99a8066	In 400 Metern in den Kreisverkehr, 2. Ausfahrt.	db7d400b96ba	In 400 metres, enter the roundabout, exit 2.
2bd53d0946f6	In 400 Metern in den Kreisverkehr, 3. Ausfahrt.	f07f718c2ce3	In 400 metres, enter the roundabout, exit 3.
1f9894fe54ca	In 400 Metern in den Kreisverkehr, 4. Ausfahrt.	ed74dcd945b6	In 400 metres, enter the roundabout, exit 4.
f884e1c8c488	In 400 Metern in den Kreisverkehr, 5. Ausfahrt.	1581c0ebee12	In 400 metres, enter the roundabout, exit 5.
fdfe31ebeb86	In 400 Metern in den Kreisverkehr, 6. Ausfahrt.	65bb8b47f96b	In 400 metres, enter the roundabout, exit 6.
6aa202a3827a	In 400 Metern in den Kreisverkehr, 7. Ausfahrt.	901b5905ee55	In 400 metres, enter the roundabout, exit 7.
d9376105e1b3	In 400 Metern in den Kreisverkehr, 8. Ausfahrt.	a524a77f2969	In 400 metres, enter the roundabout, exit 8.
11531d0980c6	In 500 Metern in den Kreisverkehr, 1. Ausfahrt.	d9d3b42ae499	In 500 metres, enter the roundabout, exit 1.
77c20b97a043	In 500 Metern in den Kreisverkehr, 2. Ausfahrt.	64d673f11b97	In 500 metres, enter the roundabout, exit 2.
9a8b959936a5	In 500 Metern in den Kreisverkehr, 3. Ausfahrt.	99494e8757ac	In 500 metres, enter the roundabout, exit 3.
9541ef5d372c	In 500 Metern in den Kreisverkehr, 4. Ausfahrt.	fb4bd62ffd23	In 500 metres, enter the roundabout, exit 4.
de9e214ad324	In 500 Metern in den Kreisverkehr, 5. Ausfahrt.	f106e22a0538	In 500 metres, enter the roundabout, exit 5.
0cd01fb3f8d5	In 500 Metern in den Kreisverkehr, 6. Ausfahrt.	5d6e4974479a	In 500 metres, enter the roundabout, exit 6.
d5cfea91840b	In 500 Metern in den Kreisverkehr, 7. Ausfahrt.	365176a4c015	In 500 metres, enter the roundabout, exit 7.
854168493f6b	In 500 Metern in den Kreisverkehr, 8. Ausfahrt.	e9fbbc9d03c7	In 500 metres, enter the roundabout, exit 8.
848bafc51665	Rein in den Kreisel – 1. Ausfahrt, Touro!	9fbbc29bcba6	Into the roundabout – exit 1, toro!
b02ac8d0209a	Rein in den Kreisel – 2. Ausfahrt, Touro!	e91addbda977	Into the roundabout – exit 2, toro!
be5da95bd5a8	Rein in den Kreisel – 3. Ausfahrt, Touro!	c4af68a45198	Into the roundabout – exit 3, toro!
64034b7f83f9	Rein in den Kreisel – 4. Ausfahrt, Touro!	cd052c32c05c	Into the roundabout – exit 4, toro!
3c332e55a74d	Rein in den Kreisel – 5. Ausfahrt, Touro!	e45df410df35	Into the roundabout – exit 5, toro!
f581d1e7e450	Rein in den Kreisel – 6. Ausfahrt, Touro!	40a01becd12d	Into the roundabout – exit 6, toro!
8fb6ed9549e4	Rein in den Kreisel – 7. Ausfahrt, Touro!	fe1bb4654bc3	Into the roundabout – exit 7, toro!
1fe055ee6394	Rein in den Kreisel – 8. Ausfahrt, Touro!	4aa2411d40f1	Into the roundabout – exit 8, toro!
640caf333fe8	In 60 Metern links ausfahren.	2902eaa7b9fb	In 60 metres, exit left.
d7b54a5012bb	In 70 Metern links ausfahren.	85c9498e7174	In 70 metres, exit left.
99da9df554b5	In 80 Metern links ausfahren.	220003df484c	In 80 metres, exit left.
f5c162358736	In 90 Metern links ausfahren.	d4b23044bf8e	In 90 metres, exit left.
c71885d4132f	In 100 Metern links ausfahren.	f33ba713786d	In 100 metres, exit left.
bc2692433426	In 150 Metern links ausfahren.	a103c8c5f8c0	In 150 metres, exit left.
7a5d5a7d8b21	In 200 Metern links ausfahren.	a21885fa2386	In 200 metres, exit left.
22d5ab8cd67a	In 250 Metern links ausfahren.	a90187c8e644	In 250 metres, exit left.
eac3c19dc830	In 300 Metern links ausfahren.	cec944e154bb	In 300 metres, exit left.
7d34f6de9676	In 400 Metern links ausfahren.	c72356c34d45	In 400 metres, exit left.
a348124ccbf7	In 500 Metern links ausfahren.	90dd75d5f424	In 500 metres, exit left.
ab576d4a0ae6	Jetzt links raus.	f5a72d5b0145	Exit left now.
af9c2c7c601c	In 60 Metern rechts ausfahren.	b2cf465e2f45	In 60 metres, exit right.
4c71165a8707	In 70 Metern rechts ausfahren.	ebb105501f6c	In 70 metres, exit right.
449fdacaa6ee	In 80 Metern rechts ausfahren.	2ea14af5e91e	In 80 metres, exit right.
3e5f8ea4f939	In 90 Metern rechts ausfahren.	ac8a23e11c0e	In 90 metres, exit right.
dc5a4e8fb60d	In 100 Metern rechts ausfahren.	4fb005b23b41	In 100 metres, exit right.
aa67feefe142	In 150 Metern rechts ausfahren.	0af1e1ef3d52	In 150 metres, exit right.
04109a1ae3f3	In 200 Metern rechts ausfahren.	48cb0145ae63	In 200 metres, exit right.
0e7bb4c5172e	In 250 Metern rechts ausfahren.	81367a06b4e4	In 250 metres, exit right.
8944287db414	In 300 Metern rechts ausfahren.	e7536fcfcfc7	In 300 metres, exit right.
21eef842b23b	In 400 Metern rechts ausfahren.	6c6dae2c2e21	In 400 metres, exit right.
8f3e0d1ba33c	In 500 Metern rechts ausfahren.	b7dbbfc969ba	In 500 metres, exit right.
e6313343b094	Jetzt rechts raus.	290984e6dcec	Exit right now.
185b4737a408	In 60 Metern geradeaus.	1cef2d23c1b9	In 60 metres, go straight on.
17bbe06d0328	In 70 Metern geradeaus.	08af38b1b760	In 70 metres, go straight on.
f9653fd123d6	In 80 Metern geradeaus.	e174715e3c8a	In 80 metres, go straight on.
c6542b843139	In 90 Metern geradeaus.	7a1699003833	In 90 metres, go straight on.
f33239ba66b5	In 100 Metern geradeaus.	224ce7f30e1a	In 100 metres, go straight on.
31246e86c515	In 150 Metern geradeaus.	9181943be1b6	In 150 metres, go straight on.
2f554d551986	In 200 Metern geradeaus.	98f7fa3eae4e	In 200 metres, go straight on.
b3f765ebf68e	In 250 Metern geradeaus.	e0a09e80ec5e	In 250 metres, go straight on.
c5439a7a5e88	In 300 Metern geradeaus.	60786c773ea0	In 300 metres, go straight on.
bbe806133f26	In 400 Metern geradeaus.	ca2b07320343	In 400 metres, go straight on.
811e80fe19d4	In 500 Metern geradeaus.	cce9ae7a4dd0	In 500 metres, go straight on.
de08092e1ea7	Geradeaus weiter.	fc4f424f4eac	Straight on.
