d6fba55de084	Let's go, toro! 1 kilometres ahead. Ride carefully – traffic rules apply to bulls too.
2eaecab1b077	Let's go, toro! 2 kilometres ahead. Ride carefully – traffic rules apply to bulls too.
9ba1926cf63f	Let's go, toro! 3 kilometres ahead. Ride carefully – traffic rules apply to bulls too.
b7f0e2b98a6b	Let's go, toro! 4 kilometres ahead. Ride carefully – traffic rules apply to bulls too.
bb030d801c90	Let's go, toro! 5 kilometres ahead. Ride carefully – traffic rules apply to bulls too.
b932edfc61c0	Let's go, toro! 6 kilometres ahead. Ride carefully – traffic rules apply to bulls too.
14f6801cb196	Let's go, toro! 7 kilometres ahead. Ride carefully – traffic rules apply to bulls too.
a9e08497c6b0	Let's go, toro! 8 kilometres ahead. Ride carefully – traffic rules apply to bulls too.
648b37f55111	Let's go, toro! 9 kilometres ahead. Ride carefully – traffic rules apply to bulls too.
395666e74e6f	Let's go, toro! 10 kilometres ahead. Ride carefully – traffic rules apply to bulls too.
bbe18d7c9160	Let's go, toro! 11 kilometres ahead. Ride carefully – traffic rules apply to bulls too.
db36d7144a23	Let's go, toro! 12 kilometres ahead. Ride carefully – traffic rules apply to bulls too.
68046be9409b	Let's go, toro! 13 kilometres ahead. Ride carefully – traffic rules apply to bulls too.
2ff6c7815761	Let's go, toro! 14 kilometres ahead. Ride carefully – traffic rules apply to bulls too.
f08d4137b136	Let's go, toro! 15 kilometres ahead. Ride carefully – traffic rules apply to bulls too.
0c769d9925c1	Let's go, toro! 16 kilometres ahead. Ride carefully – traffic rules apply to bulls too.
dbff19bd2980	Let's go, toro! 17 kilometres ahead. Ride carefully – traffic rules apply to bulls too.
e9cc38af9e71	Let's go, toro! 18 kilometres ahead. Ride carefully – traffic rules apply to bulls too.
3731b8fbb35f	Let's go, toro! 19 kilometres ahead. Ride carefully – traffic rules apply to bulls too.
644014b4216f	Let's go, toro! 20 kilometres ahead. Ride carefully – traffic rules apply to bulls too.
a1ce5a363cad	Let's go, toro! 21 kilometres ahead. Ride carefully – traffic rules apply to bulls too.
94ea3510f94c	Let's go, toro! 22 kilometres ahead. Ride carefully – traffic rules apply to bulls too.
f99eb93ed30c	Let's go, toro! 23 kilometres ahead. Ride carefully – traffic rules apply to bulls too.
744004e2004a	Let's go, toro! 24 kilometres ahead. Ride carefully – traffic rules apply to bulls too.
668f6f9fb396	Let's go, toro! 25 kilometres ahead. Ride carefully – traffic rules apply to bulls too.
0ac70a2deb80	Let's go, toro! 26 kilometres ahead. Ride carefully – traffic rules apply to bulls too.
38d29f185373	Let's go, toro! 27 kilometres ahead. Ride carefully – traffic rules apply to bulls too.
8ac90677f49c	Let's go, toro! 28 kilometres ahead. Ride carefully – traffic rules apply to bulls too.
4d561fd7380c	Let's go, toro! 29 kilometres ahead. Ride carefully – traffic rules apply to bulls too.
2c8eaeee82cb	Let's go, toro! 30 kilometres ahead. Ride carefully – traffic rules apply to bulls too.
fb683f661621	Let's go, toro! 31 kilometres ahead. Ride carefully – traffic rules apply to bulls too.
4d71e84f1946	Let's go, toro! 32 kilometres ahead. Ride carefully – traffic rules apply to bulls too.
3e4fa5c632d8	Let's go, toro! 33 kilometres ahead. Ride carefully – traffic rules apply to bulls too.
f9275000b750	Let's go, toro! 34 kilometres ahead. Ride carefully – traffic rules apply to bulls too.
449aac863e2c	Let's go, toro! 35 kilometres ahead. Ride carefully – traffic rules apply to bulls too.
b5f47d92de24	Let's go, toro! 36 kilometres ahead. Ride carefully – traffic rules apply to bulls too.
2fec229a5997	Let's go, toro! 37 kilometres ahead. Ride carefully – traffic rules apply to bulls too.
fdd6cdf8d6e9	Let's go, toro! 38 kilometres ahead. Ride carefully – traffic rules apply to bulls too.
c13f351c368c	Let's go, toro! 39 kilometres ahead. Ride carefully – traffic rules apply to bulls too.
bdc0f32e8b60	Let's go, toro! 40 kilometres ahead. Ride carefully – traffic rules apply to bulls too.
4a4a9fff7c10	Let's go, toro! 41 kilometres ahead. Ride carefully – traffic rules apply to bulls too.
6d38b39ccb27	Let's go, toro! 42 kilometres ahead. Ride carefully – traffic rules apply to bulls too.
abd5d12ea549	Let's go, toro! 43 kilometres ahead. Ride carefully – traffic rules apply to bulls too.
1ce084bc5eb3	Let's go, toro! 44 kilometres ahead. Ride carefully – traffic rules apply to bulls too.
0ea42d949b5e	Let's go, toro! 45 kilometres ahead. Ride carefully – traffic rules apply to bulls too.
f0951322ee94	Let's go, toro! 46 kilometres ahead. Ride carefully – traffic rules apply to bulls too.
4af0d4b33e9f	Let's go, toro! 47 kilometres ahead. Ride carefully – traffic rules apply to bulls too.
73fbe0c43363	Let's go, toro! 48 kilometres ahead. Ride carefully – traffic rules apply to bulls too.
7d1870154705	Let's go, toro! 49 kilometres ahead. Ride carefully – traffic rules apply to bulls too.
6fd5f5329903	Let's go, toro! 50 kilometres ahead. Ride carefully – traffic rules apply to bulls too.
dbe800217cf8	Let's go, toro! 51 kilometres ahead. Ride carefully – traffic rules apply to bulls too.
5d0c603ce922	Let's go, toro! 52 kilometres ahead. Ride carefully – traffic rules apply to bulls too.
5cadc0ce3639	Let's go, toro! 53 kilometres ahead. Ride carefully – traffic rules apply to bulls too.
ccc2100fea82	Let's go, toro! 54 kilometres ahead. Ride carefully – traffic rules apply to bulls too.
8442c677b0e0	Let's go, toro! 55 kilometres ahead. Ride carefully – traffic rules apply to bulls too.
009e917abf3e	Let's go, toro! 56 kilometres ahead. Ride carefully – traffic rules apply to bulls too.
4e1f0c55b580	Let's go, toro! 57 kilometres ahead. Ride carefully – traffic rules apply to bulls too.
b1bb2d490677	Let's go, toro! 58 kilometres ahead. Ride carefully – traffic rules apply to bulls too.
1f060146f48b	Let's go, toro! 59 kilometres ahead. Ride carefully – traffic rules apply to bulls too.
c3b80b26bfeb	Let's go, toro! 60 kilometres ahead. Ride carefully – traffic rules apply to bulls too.
0fcbaf1d41ce	Simulation running. 1 kilometres in time-lapse – sit back.
0511b3816e7d	Simulation running. 2 kilometres in time-lapse – sit back.
8adda75e5ca6	Simulation running. 3 kilometres in time-lapse – sit back.
2a04f6c2aca3	Simulation running. 4 kilometres in time-lapse – sit back.
72406b6f0abd	Simulation running. 5 kilometres in time-lapse – sit back.
37fb082f44ce	Simulation running. 6 kilometres in time-lapse – sit back.
2e16587ae29c	Simulation running. 7 kilometres in time-lapse – sit back.
1047f7e8ad20	Simulation running. 8 kilometres in time-lapse – sit back.
00b0bd0e4b5f	Simulation running. 9 kilometres in time-lapse – sit back.
77509faf4bdb	Simulation running. 10 kilometres in time-lapse – sit back.
4ac5d0cbd40d	Simulation running. 11 kilometres in time-lapse – sit back.
5c502fa6847f	Simulation running. 12 kilometres in time-lapse – sit back.
da4858dc9aad	Simulation running. 13 kilometres in time-lapse – sit back.
fc07fe54db44	Simulation running. 14 kilometres in time-lapse – sit back.
b3837ef26bc7	Simulation running. 15 kilometres in time-lapse – sit back.
21565da36d29	Simulation running. 16 kilometres in time-lapse – sit back.
d8b33eb103b7	Simulation running. 17 kilometres in time-lapse – sit back.
d919eccbefbc	Simulation running. 18 kilometres in time-lapse – sit back.
833581c2a02c	Simulation running. 19 kilometres in time-lapse – sit back.
416a6400563a	Simulation running. 20 kilometres in time-lapse – sit back.
df86b2470dd4	Simulation running. 21 kilometres in time-lapse – sit back.
6a4f6f656eac	Simulation running. 22 kilometres in time-lapse – sit back.
6ab157af7124	Simulation running. 23 kilometres in time-lapse – sit back.
545ec786d1db	Simulation running. 24 kilometres in time-lapse – sit back.
f5cb08db1d9f	Simulation running. 25 kilometres in time-lapse – sit back.
f0b52cb536e2	Simulation running. 26 kilometres in time-lapse – sit back.
2e52cb6d73f7	Simulation running. 27 kilometres in time-lapse – sit back.
8f89ae4f557f	Simulation running. 28 kilometres in time-lapse – sit back.
bbd30ba68644	Simulation running. 29 kilometres in time-lapse – sit back.
0cc23ed162d6	Simulation running. 30 kilometres in time-lapse – sit back.
eb9a378059a7	Simulation running. 31 kilometres in time-lapse – sit back.
c9a5aaa1da2e	Simulation running. 32 kilometres in time-lapse – sit back.
a137a8a9956a	Simulation running. 33 kilometres in time-lapse – sit back.
75fa17e03fa4	Simulation running. 34 kilometres in time-lapse – sit back.
7c4144121479	Simulation running. 35 kilometres in time-lapse – sit back.
9661ebb4d7e9	Simulation running. 36 kilometres in time-lapse – sit back.
c2e20f0905bc	Simulation running. 37 kilometres in time-lapse – sit back.
fc42fa2a7596	Simulation running. 38 kilometres in time-lapse – sit back.
b1c6d2501a53	Simulation running. 39 kilometres in time-lapse – sit back.
b92c5a99fede	Simulation running. 40 kilometres in time-lapse – sit back.
0258f73a7c83	Simulation running. 41 kilometres in time-lapse – sit back.
513aa839e760	Simulation running. 42 kilometres in time-lapse – sit back.
02ef68e1ff64	Simulation running. 43 kilometres in time-lapse – sit back.
5d639aad4a11	Simulation running. 44 kilometres in time-lapse – sit back.
d757112166cc	Simulation running. 45 kilometres in time-lapse – sit back.
3fda92ceeb25	Simulation running. 46 kilometres in time-lapse – sit back.
bbddbdd13383	Simulation running. 47 kilometres in time-lapse – sit back.
989299464e38	Simulation running. 48 kilometres in time-lapse – sit back.
87874173bccd	Simulation running. 49 kilometres in time-lapse – sit back.
22ec03896a84	Simulation running. 50 kilometres in time-lapse – sit back.
dac3959c350e	Simulation running. 51 kilometres in time-lapse – sit back.
dcc7e5c27880	Simulation running. 52 kilometres in time-lapse – sit back.
e95541e31f77	Simulation running. 53 kilometres in time-lapse – sit back.
7c4a69377aad	Simulation running. 54 kilometres in time-lapse – sit back.
f2f447a73a6e	Simulation running. 55 kilometres in time-lapse – sit back.
9d728a50a43e	Simulation running. 56 kilometres in time-lapse – sit back.
f2b0d87b4ed0	Simulation running. 57 kilometres in time-lapse – sit back.
dc59da7b5379	Simulation running. 58 kilometres in time-lapse – sit back.
34407f406396	Simulation running. 59 kilometres in time-lapse – sit back.
f9f73f193649	Simulation running. 60 kilometres in time-lapse – sit back.
7323e0998506	You have arrived! The herd is proud of you.
b2f2407dcfe5	Halfway, toro! 1 kilometres to go.
7c0963e999e9	Halfway, toro! 2 kilometres to go.
ad45319a35c2	Halfway, toro! 3 kilometres to go.
474131b70bfa	Halfway, toro! 4 kilometres to go.
ecc318f30248	Halfway, toro! 5 kilometres to go.
56176b942151	Halfway, toro! 6 kilometres to go.
3fadad40fc6d	Halfway, toro! 7 kilometres to go.
1d6facc5e735	Halfway, toro! 8 kilometres to go.
47dc1a874dc9	Halfway, toro! 9 kilometres to go.
17a2732997a3	Halfway, toro! 10 kilometres to go.
d566a2f06095	Halfway, toro! 11 kilometres to go.
42b41256780f	Halfway, toro! 12 kilometres to go.
f15c2b0cc83e	Halfway, toro! 13 kilometres to go.
3221df68e59a	Halfway, toro! 14 kilometres to go.
c13223e3773f	Halfway, toro! 15 kilometres to go.
26554c6fc489	Halfway, toro! 16 kilometres to go.
80d31a4af4f1	Halfway, toro! 17 kilometres to go.
e1875e1aa2f9	Halfway, toro! 18 kilometres to go.
03e144282dd7	Halfway, toro! 19 kilometres to go.
83fdcb4f4090	Halfway, toro! 20 kilometres to go.
5d1bd6c18d49	Halfway, toro! 21 kilometres to go.
45871292b5cb	Halfway, toro! 22 kilometres to go.
5ac0a2c10164	Halfway, toro! 23 kilometres to go.
1a0523e0e949	Halfway, toro! 24 kilometres to go.
df3ddd9631f9	Halfway, toro! 25 kilometres to go.
8b685bd3e92d	Halfway, toro! 26 kilometres to go.
3d2f60021f2d	Halfway, toro! 27 kilometres to go.
c9d2ef2c7033	Halfway, toro! 28 kilometres to go.
8d207f2eaf35	Halfway, toro! 29 kilometres to go.
af61ef8d0b46	Halfway, toro! 30 kilometres to go.
534b2ba68afd	Halfway, toro! 31 kilometres to go.
04f0278b0029	Halfway, toro! 32 kilometres to go.
9df223f999e4	Halfway, toro! 33 kilometres to go.
09ef9504d1c8	Halfway, toro! 34 kilometres to go.
aedb1e8220cd	Halfway, toro! 35 kilometres to go.
fa2c3c298f16	Halfway, toro! 36 kilometres to go.
429eb08a8027	Halfway, toro! 37 kilometres to go.
ae2e412aa829	Halfway, toro! 38 kilometres to go.
3c9fddc2d345	Halfway, toro! 39 kilometres to go.
43d712539f5d	Halfway, toro! 40 kilometres to go.
cb218cb7a424	Halfway, toro! 41 kilometres to go.
7e4fe6fec1b1	Halfway, toro! 42 kilometres to go.
9a8d93e95920	Halfway, toro! 43 kilometres to go.
7d2f28ad9018	Halfway, toro! 44 kilometres to go.
8c2ff4aed2ba	Halfway, toro! 45 kilometres to go.
7a6a3d94eb3d	Halfway, toro! 46 kilometres to go.
a04f08b72290	Halfway, toro! 47 kilometres to go.
34b53e1018da	Halfway, toro! 48 kilometres to go.
cef3172222b8	Halfway, toro! 49 kilometres to go.
e4e0fe0423e9	Halfway, toro! 50 kilometres to go.
4710ea9de26c	Halfway, toro! 51 kilometres to go.
4ea5eac77fb2	Halfway, toro! 52 kilometres to go.
4dfdf4f20cbd	Halfway, toro! 53 kilometres to go.
f336142283e2	Halfway, toro! 54 kilometres to go.
5d53a0a0e355	Halfway, toro! 55 kilometres to go.
426ebf304c8f	Halfway, toro! 56 kilometres to go.
3cefea437b3e	Halfway, toro! 57 kilometres to go.
eaf218d88aad	Halfway, toro! 58 kilometres to go.
6b7bf50465e3	Halfway, toro! 59 kilometres to go.
3d8b4c38babf	Halfway, toro! 60 kilometres to go.
cbf4a8fd2bb1	You left the herd. Head back to the blue line.
cd7887979653	Back on track, toro!
c682d9f866f3	No GPS signal – allow location in your browser and try under open sky.
7d3440651147	New way found – I will guide you back onto the route.
69d2cde2acfa	This route has no turn instructions from the router – I will call out the bends anyway.
1f6120730aee	In 60 metres, turn left.
ff48e221d7c3	In 70 metres, turn left.
c55569a74544	In 80 metres, turn left.
a79a36b9d888	In 90 metres, turn left.
b4a40d6100cd	In 100 metres, turn left.
bfca3fb1d873	In 150 metres, turn left.
0698be8f221f	In 200 metres, turn left.
6591cc51eeb0	In 250 metres, turn left.
54ccbcf41c0e	In 300 metres, turn left.
037e569d69d1	In 400 metres, turn left.
be18cfa68ee0	In 500 metres, turn left.
5cb3ba8a9e77	Turn left now – horns to the left!
d0e1a7689a17	In 60 metres, bear left.
f50e89b159ec	In 70 metres, bear left.
246aa4db0010	In 80 metres, bear left.
eac9618994a1	In 90 metres, bear left.
3cfc326094f6	In 100 metres, bear left.
684ed43f054d	In 150 metres, bear left.
eb1f6ac921a3	In 200 metres, bear left.
5c280082d460	In 250 metres, bear left.
0cc266d39744	In 300 metres, bear left.
94778002a71f	In 400 metres, bear left.
c82ab51564ca	In 500 metres, bear left.
6405f862b758	Bear left now.
f3f58da2bb68	In 60 metres, sharp left.
324519680be9	In 70 metres, sharp left.
25a149bb3934	In 80 metres, sharp left.
4042057109dc	In 90 metres, sharp left.
55c4de6b9b43	In 100 metres, sharp left.
a6e8e70df83e	In 150 metres, sharp left.
257a376d95e4	In 200 metres, sharp left.
1a640e6a24a0	In 250 metres, sharp left.
ae4f64aed4d6	In 300 metres, sharp left.
39e6b533fc4e	In 400 metres, sharp left.
b78c7fabd810	In 500 metres, sharp left.
be0a878d060d	Sharp left now – slow down, toro!
0aba882b7d2d	In 60 metres, turn right.
74194d2b9ca7	In 70 metres, turn right.
3a39f6a5a645	In 80 metres, turn right.
8af435ce89a3	In 90 metres, turn right.
0dfed0707a1d	In 100 metres, turn right.
f2cd9110f5be	In 150 metres, turn right.
30efe6309b52	In 200 metres, turn right.
013a559a19b2	In 250 metres, turn right.
aafe93bf0271	In 300 metres, turn right.
e8df05cf6118	In 400 metres, turn right.
d4c424fabcc4	In 500 metres, turn right.
da8536e08053	Turn right now – horns to the right!
4943cf9f0e6f	In 60 metres, bear right.
17b0ea575bf8	In 70 metres, bear right.
fe963992d69e	In 80 metres, bear right.
e24ee9c7e915	In 90 metres, bear right.
90e7ae93e57f	In 100 metres, bear right.
f3d8ea12c122	In 150 metres, bear right.
4a3963aed79e	In 200 metres, bear right.
0a54aa77b788	In 250 metres, bear right.
040ff0f1d4e0	In 300 metres, bear right.
dbad757e7219	In 400 metres, bear right.
1c910f0efbfa	In 500 metres, bear right.
939d20be70ae	Bear right now.
af3f84883ae1	In 60 metres, sharp right.
4e0fdb028fa1	In 70 metres, sharp right.
2308b9decb7e	In 80 metres, sharp right.
b917c92a1c76	In 90 metres, sharp right.
5856cfe0a4e2	In 100 metres, sharp right.
5760cde73f95	In 150 metres, sharp right.
50903bc264bc	In 200 metres, sharp right.
60b114e412f9	In 250 metres, sharp right.
5e3478f7f839	In 300 metres, sharp right.
cb03a6cf840c	In 400 metres, sharp right.
23a1a6fe825f	In 500 metres, sharp right.
bc9704ade30d	Sharp right now – slow down, toro!
452147a2da57	In 60 metres, keep left.
fb40ecc025fc	In 70 metres, keep left.
9e68a900a19e	In 80 metres, keep left.
f363c39d7a8d	In 90 metres, keep left.
591f3269f7b0	In 100 metres, keep left.
c6795f4089b2	In 150 metres, keep left.
a34273751f07	In 200 metres, keep left.
f0175092c9e7	In 250 metres, keep left.
a152771c8516	In 300 metres, keep left.
d50b07126d63	In 400 metres, keep left.
7ad39bdbb1c7	In 500 metres, keep left.
80fa5d397bdc	Keep left.
f6e788f69970	In 60 metres, keep right.
d172b6b9bba9	In 70 metres, keep right.
ab034184caef	In 80 metres, keep right.
f171de3ec45d	In 90 metres, keep right.
af8a65623978	In 100 metres, keep right.
d1e8aa4d6dc8	In 150 metres, keep right.
a838fced6116	In 200 metres, keep right.
0ee3cde3fcad	In 250 metres, keep right.
7fef7987da26	In 300 metres, keep right.
74b1d09a5325	In 400 metres, keep right.
8ce55d2a0e9e	In 500 metres, keep right.
4778d143022b	Keep right.
ab67ac4cc366	In 60 metres, make a U-turn.
21f9353ed37f	In 70 metres, make a U-turn.
b8b9e2c7fa0c	In 80 metres, make a U-turn.
95c6a0f5bcd8	In 90 metres, make a U-turn.
f866f6b1cb72	In 100 metres, make a U-turn.
694b4aeb1a0c	In 150 metres, make a U-turn.
639d35d4714d	In 200 metres, make a U-turn.
06ac191dca5e	In 250 metres, make a U-turn.
84ca251921e3	In 300 metres, make a U-turn.
5704690da956	In 400 metres, make a U-turn.
c22c4d2dfdb6	In 500 metres, make a U-turn.
7dee04e70090	U-turn now – the bull turns around.
62b4aa0ee478	In 60 metres, enter the roundabout, exit 1.
971d18b43dd9	In 60 metres, enter the roundabout, exit 2.
ce85edc33959	In 60 metres, enter the roundabout, exit 3.
1a6bcab5b9b4	In 60 metres, enter the roundabout, exit 4.
c5a1ae1e6a2c	In 60 metres, enter the roundabout, exit 5.
45419fdcb8fa	In 60 metres, enter the roundabout, exit 6.
b4e9a1b8e1cf	In 60 metres, enter the roundabout, exit 7.
7cf78ba956f8	In 60 metres, enter the roundabout, exit 8.
e1a95105d643	In 70 metres, enter the roundabout, exit 1.
1c33074147ea	In 70 metres, enter the roundabout, exit 2.
d805bb4cee21	In 70 metres, enter the roundabout, exit 3.
d62b7f246b34	In 70 metres, enter the roundabout, exit 4.
21f2db5ddd4f	In 70 metres, enter the roundabout, exit 5.
530765868d4c	In 70 metres, enter the roundabout, exit 6.
a41354c90749	In 70 metres, enter the roundabout, exit 7.
1c7b8c7f56cc	In 70 metres, enter the roundabout, exit 8.
e4ee8bfe4a31	In 80 metres, enter the roundabout, exit 1.
28d665e3c291	In 80 metres, enter the roundabout, exit 2.
09fb8fa52540	In 80 metres, enter the roundabout, exit 3.
6752b69012c8	In 80 metres, enter the roundabout, exit 4.
93568330ad99	In 80 metres, enter the roundabout, exit 5.
247a3af94ff0	In 80 metres, enter the roundabout, exit 6.
0540dac8b583	In 80 metres, enter the roundabout, exit 7.
3dd04b199ffb	In 80 metres, enter the roundabout, exit 8.
cb476b70eaa8	In 90 metres, enter the roundabout, exit 1.
146ea97736cf	In 90 metres, enter the roundabout, exit 2.
6b2a585a8f7a	In 90 metres, enter the roundabout, exit 3.
7a34e5b64218	In 90 metres, enter the roundabout, exit 4.
917352d93288	In 90 metres, enter the roundabout, exit 5.
f241fd44a5d6	In 90 metres, enter the roundabout, exit 6.
891945668539	In 90 metres, enter the roundabout, exit 7.
309f917f409f	In 90 metres, enter the roundabout, exit 8.
4142a5ef1268	In 100 metres, enter the roundabout, exit 1.
5907617a62f1	In 100 metres, enter the roundabout, exit 2.
4aeba7784ae0	In 100 metres, enter the roundabout, exit 3.
231b5ee2d272	In 100 metres, enter the roundabout, exit 4.
053e7fff1b52	In 100 metres, enter the roundabout, exit 5.
9968f8e82f19	In 100 metres, enter the roundabout, exit 6.
3bfe97081acc	In 100 metres, enter the roundabout, exit 7.
061152741d91	In 100 metres, enter the roundabout, exit 8.
7c227fc20d20	In 150 metres, enter the roundabout, exit 1.
1074393e1af3	In 150 metres, enter the roundabout, exit 2.
97852b47167f	In 150 metres, enter the roundabout, exit 3.
94a9b190d968	In 150 metres, enter the roundabout, exit 4.
68ae9dc9a4d9	In 150 metres, enter the roundabout, exit 5.
64c6cf975235	In 150 metres, enter the roundabout, exit 6.
4dfdd6df774e	In 150 metres, enter the roundabout, exit 7.
df60b89c690b	In 150 metres, enter the roundabout, exit 8.
f1a987cca1d3	In 200 metres, enter the roundabout, exit 1.
e21f5d1bf5b4	In 200 metres, enter the roundabout, exit 2.
87bc9030c8b2	In 200 metres, enter the roundabout, exit 3.
afeee95e0654	In 200 metres, enter the roundabout, exit 4.
0b86e445f394	In 200 metres, enter the roundabout, exit 5.
baae40ef7c37	In 200 metres, enter the roundabout, exit 6.
3c035f03b790	In 200 metres, enter the roundabout, exit 7.
bcd98c85ef5e	In 200 metres, enter the roundabout, exit 8.
b2e3980493f3	In 250 metres, enter the roundabout, exit 1.
108e154d3868	In 250 metres, enter the roundabout, exit 2.
c06747dd8f8b	In 250 metres, enter the roundabout, exit 3.
8c827c8d6591	In 250 metres, enter the roundabout, exit 4.
06f9ee61f30f	In 250 metres, enter the roundabout, exit 5.
1d399246cf92	In 250 metres, enter the roundabout, exit 6.
861a2f239753	In 250 metres, enter the roundabout, exit 7.
9ccc6f98bc3a	In 250 metres, enter the roundabout, exit 8.
b9a29ade59d6	In 300 metres, enter the roundabout, exit 1.
3db5f898fdcb	In 300 metres, enter the roundabout, exit 2.
b659e98a5160	In 300 metres, enter the roundabout, exit 3.
3d1a58e6c7f4	In 300 metres, enter the roundabout, exit 4.
3605afca2298	In 300 metres, enter the roundabout, exit 5.
ab74ac85a2bd	In 300 metres, enter the roundabout, exit 6.
b2c66b51e13f	In 300 metres, enter the roundabout, exit 7.
e7fca42fa5f2	In 300 metres, enter the roundabout, exit 8.
e28be31b859c	In 400 metres, enter the roundabout, exit 1.
db7d400b96ba	In 400 metres, enter the roundabout, exit 2.
f07f718c2ce3	In 400 metres, enter the roundabout, exit 3.
ed74dcd945b6	In 400 metres, enter the roundabout, exit 4.
1581c0ebee12	In 400 metres, enter the roundabout, exit 5.
65bb8b47f96b	In 400 metres, enter the roundabout, exit 6.
901b5905ee55	In 400 metres, enter the roundabout, exit 7.
a524a77f2969	In 400 metres, enter the roundabout, exit 8.
d9d3b42ae499	In 500 metres, enter the roundabout, exit 1.
64d673f11b97	In 500 metres, enter the roundabout, exit 2.
99494e8757ac	In 500 metres, enter the roundabout, exit 3.
fb4bd62ffd23	In 500 metres, enter the roundabout, exit 4.
f106e22a0538	In 500 metres, enter the roundabout, exit 5.
5d6e4974479a	In 500 metres, enter the roundabout, exit 6.
365176a4c015	In 500 metres, enter the roundabout, exit 7.
e9fbbc9d03c7	In 500 metres, enter the roundabout, exit 8.
9fbbc29bcba6	Into the roundabout – exit 1, toro!
e91addbda977	Into the roundabout – exit 2, toro!
c4af68a45198	Into the roundabout – exit 3, toro!
cd052c32c05c	Into the roundabout – exit 4, toro!
e45df410df35	Into the roundabout – exit 5, toro!
40a01becd12d	Into the roundabout – exit 6, toro!
fe1bb4654bc3	Into the roundabout – exit 7, toro!
4aa2411d40f1	Into the roundabout – exit 8, toro!
2902eaa7b9fb	In 60 metres, exit left.
85c9498e7174	In 70 metres, exit left.
220003df484c	In 80 metres, exit left.
d4b23044bf8e	In 90 metres, exit left.
f33ba713786d	In 100 metres, exit left.
a103c8c5f8c0	In 150 metres, exit left.
a21885fa2386	In 200 metres, exit left.
a90187c8e644	In 250 metres, exit left.
cec944e154bb	In 300 metres, exit left.
c72356c34d45	In 400 metres, exit left.
90dd75d5f424	In 500 metres, exit left.
f5a72d5b0145	Exit left now.
b2cf465e2f45	In 60 metres, exit right.
ebb105501f6c	In 70 metres, exit right.
2ea14af5e91e	In 80 metres, exit right.
ac8a23e11c0e	In 90 metres, exit right.
4fb005b23b41	In 100 metres, exit right.
0af1e1ef3d52	In 150 metres, exit right.
48cb0145ae63	In 200 metres, exit right.
81367a06b4e4	In 250 metres, exit right.
e7536fcfcfc7	In 300 metres, exit right.
6c6dae2c2e21	In 400 metres, exit right.
b7dbbfc969ba	In 500 metres, exit right.
290984e6dcec	Exit right now.
1cef2d23c1b9	In 60 metres, go straight on.
08af38b1b760	In 70 metres, go straight on.
e174715e3c8a	In 80 metres, go straight on.
7a1699003833	In 90 metres, go straight on.
224ce7f30e1a	In 100 metres, go straight on.
9181943be1b6	In 150 metres, go straight on.
98f7fa3eae4e	In 200 metres, go straight on.
e0a09e80ec5e	In 250 metres, go straight on.
60786c773ea0	In 300 metres, go straight on.
ca2b07320343	In 400 metres, go straight on.
cce9ae7a4dd0	In 500 metres, go straight on.
fc4f424f4eac	Straight on.
