81881e21f6bd	Auf geht's, Touro! 1 Kilometer liegen vor dir. Fahr vorsichtig, die Verkehrsregeln gelten auch für Stiere.
f777be2871ac	Auf geht's, Touro! 2 Kilometer liegen vor dir. Fahr vorsichtig, die Verkehrsregeln gelten auch für Stiere.
67ec3e81f182	Auf geht's, Touro! 3 Kilometer liegen vor dir. Fahr vorsichtig, die Verkehrsregeln gelten auch für Stiere.
2644ad0d7a0b	Auf geht's, Touro! 4 Kilometer liegen vor dir. Fahr vorsichtig, die Verkehrsregeln gelten auch für Stiere.
d9ab19c57e93	Auf geht's, Touro! 5 Kilometer liegen vor dir. Fahr vorsichtig, die Verkehrsregeln gelten auch für Stiere.
644cf07acf8f	Auf geht's, Touro! 6 Kilometer liegen vor dir. Fahr vorsichtig, die Verkehrsregeln gelten auch für Stiere.
88bab03b100c	Auf geht's, Touro! 7 Kilometer liegen vor dir. Fahr vorsichtig, die Verkehrsregeln gelten auch für Stiere.
8e2a6c0ec925	Auf geht's, Touro! 8 Kilometer liegen vor dir. Fahr vorsichtig, die Verkehrsregeln gelten auch für Stiere.
17da62873c3b	Auf geht's, Touro! 9 Kilometer liegen vor dir. Fahr vorsichtig, die Verkehrsregeln gelten auch für Stiere.
ce78f78a484d	Auf geht's, Touro! 10 Kilometer liegen vor dir. Fahr vorsichtig, die Verkehrsregeln gelten auch für Stiere.
8ea2282bc138	Auf geht's, Touro! 11 Kilometer liegen vor dir. Fahr vorsichtig, die Verkehrsregeln gelten auch für Stiere.
58c0d9013d23	Auf geht's, Touro! 12 Kilometer liegen vor dir. Fahr vorsichtig, die Verkehrsregeln gelten auch für Stiere.
4ee7733ca230	Auf geht's, Touro! 13 Kilometer liegen vor dir. Fahr vorsichtig, die Verkehrsregeln gelten auch für Stiere.
2ed45b3280fe	Auf geht's, Touro! 14 Kilometer liegen vor dir. Fahr vorsichtig, die Verkehrsregeln gelten auch für Stiere.
4a399140d956	Auf geht's, Touro! 15 Kilometer liegen vor dir. Fahr vorsichtig, die Verkehrsregeln gelten auch für Stiere.
066528a3c2c8	Auf geht's, Touro! 16 Kilometer liegen vor dir. Fahr vorsichtig, die Verkehrsregeln gelten auch für Stiere.
a0be4ebffd6b	Auf geht's, Touro! 17 Kilometer liegen vor dir. Fahr vorsichtig, die Verkehrsregeln gelten auch für Stiere.
c93deee97f23	Auf geht's, Touro! 18 Kilometer liegen vor dir. Fahr vorsichtig, die Verkehrsregeln gelten auch für Stiere.
85742d9200e7	Auf geht's, Touro! 19 Kilometer liegen vor dir. Fahr vorsichtig, die Verkehrsregeln gelten auch für Stiere.
4b42146e485b	Auf geht's, Touro! 20 Kilometer liegen vor dir. Fahr vorsichtig, die Verkehrsregeln gelten auch für Stiere.
3b13e54647b2	Auf geht's, Touro! 21 Kilometer liegen vor dir. Fahr vorsichtig, die Verkehrsregeln gelten auch für Stiere.
a463b975d02a	Auf geht's, Touro! 22 Kilometer liegen vor dir. Fahr vorsichtig, die Verkehrsregeln gelten auch für Stiere.
62e9e32e01c3	Auf geht's, Touro! 23 Kilometer liegen vor dir. Fahr vorsichtig, die Verkehrsregeln gelten auch für Stiere.
0ea1765855bc	Auf geht's, Touro! 24 Kilometer liegen vor dir. Fahr vorsichtig, die Verkehrsregeln gelten auch für Stiere.
964bffc95252	Auf geht's, Touro! 25 Kilometer liegen vor dir. Fahr vorsichtig, die Verkehrsregeln gelten auch für Stiere.
f57813fb4528	Auf geht's, Touro! 26 Kilometer liegen vor dir. Fahr vorsichtig, die Verkehrsregeln gelten auch für Stiere.
965a81464f12	Auf geht's, Touro! 27 Kilometer liegen vor dir. Fahr vorsichtig, die Verkehrsregeln gelten auch für Stiere.
225fc21ee2e5	Auf geht's, Touro! 28 Kilometer liegen vor dir. Fahr vorsichtig, die Verkehrsregeln gelten auch für Stiere.
81852939c413	Auf geht's, Touro! 29 Kilometer liegen vor dir. Fahr vorsichtig, die Verkehrsregeln gelten auch für Stiere.
0d88c348d2dd	Auf geht's, Touro! 30 Kilometer liegen vor dir. Fahr vorsichtig, die Verkehrsregeln gelten auch für Stiere.
21d70755b53f	Auf geht's, Touro! 31 Kilometer liegen vor dir. Fahr vorsichtig, die Verkehrsregeln gelten auch für Stiere.
f1ea0c7961aa	Auf geht's, Touro! 32 Kilometer liegen vor dir. Fahr vorsichtig, die Verkehrsregeln gelten auch für Stiere.
3adc7514bf6e	Auf geht's, Touro! 33 Kilometer liegen vor dir. Fahr vorsichtig, die Verkehrsregeln gelten auch für Stiere.
4ac07031e2e9	Auf geht's, Touro! 34 Kilometer liegen vor dir. Fahr vorsichtig, die Verkehrsregeln gelten auch für Stiere.
c4bd7c415dd6	Auf geht's, Touro! 35 Kilometer liegen vor dir. Fahr vorsichtig, die Verkehrsregeln gelten auch für Stiere.
412905e67ab2	Auf geht's, Touro! 36 Kilometer liegen vor dir. Fahr vorsichtig, die Verkehrsregeln gelten auch für Stiere.
97d9e3f7fc5d	Auf geht's, Touro! 37 Kilometer liegen vor dir. Fahr vorsichtig, die Verkehrsregeln gelten auch für Stiere.
27b4ad517bb9	Auf geht's, Touro! 38 Kilometer liegen vor dir. Fahr vorsichtig, die Verkehrsregeln gelten auch für Stiere.
07d90764183d	Auf geht's, Touro! 39 Kilometer liegen vor dir. Fahr vorsichtig, die Verkehrsregeln gelten auch für Stiere.
380bba6c45b1	Auf geht's, Touro! 40 Kilometer liegen vor dir. Fahr vorsichtig, die Verkehrsregeln gelten auch für Stiere.
e02e295c0c0d	Auf geht's, Touro! 41 Kilometer liegen vor dir. Fahr vorsichtig, die Verkehrsregeln gelten auch für Stiere.
9021a5d90a95	Auf geht's, Touro! 42 Kilometer liegen vor dir. Fahr vorsichtig, die Verkehrsregeln gelten auch für Stiere.
cdd072334c47	Auf geht's, Touro! 43 Kilometer liegen vor dir. Fahr vorsichtig, die Verkehrsregeln gelten auch für Stiere.
650237ced27d	Auf geht's, Touro! 44 Kilometer liegen vor dir. Fahr vorsichtig, die Verkehrsregeln gelten auch für Stiere.
7e8f37ae8753	Auf geht's, Touro! 45 Kilometer liegen vor dir. Fahr vorsichtig, die Verkehrsregeln gelten auch für Stiere.
5c3f6a2fb8d3	Auf geht's, Touro! 46 Kilometer liegen vor dir. Fahr vorsichtig, die Verkehrsregeln gelten auch für Stiere.
22dbb12cafa0	Auf geht's, Touro! 47 Kilometer liegen vor dir. Fahr vorsichtig, die Verkehrsregeln gelten auch für Stiere.
c407b27c54ff	Auf geht's, Touro! 48 Kilometer liegen vor dir. Fahr vorsichtig, die Verkehrsregeln gelten auch für Stiere.
b4026a589ddd	Auf geht's, Touro! 49 Kilometer liegen vor dir. Fahr vorsichtig, die Verkehrsregeln gelten auch für Stiere.
9c7052270bb7	Auf geht's, Touro! 50 Kilometer liegen vor dir. Fahr vorsichtig, die Verkehrsregeln gelten auch für Stiere.
57642812a79f	Auf geht's, Touro! 51 Kilometer liegen vor dir. Fahr vorsichtig, die Verkehrsregeln gelten auch für Stiere.
42435cf5edb3	Auf geht's, Touro! 52 Kilometer liegen vor dir. Fahr vorsichtig, die Verkehrsregeln gelten auch für Stiere.
fb916a0282e3	Auf geht's, Touro! 53 Kilometer liegen vor dir. Fahr vorsichtig, die Verkehrsregeln gelten auch für Stiere.
46f82c042f66	Auf geht's, Touro! 54 Kilometer liegen vor dir. Fahr vorsichtig, die Verkehrsregeln gelten auch für Stiere.
fc55002927c1	Auf geht's, Touro! 55 Kilometer liegen vor dir. Fahr vorsichtig, die Verkehrsregeln gelten auch für Stiere.
3c3e95b6d26a	Auf geht's, Touro! 56 Kilometer liegen vor dir. Fahr vorsichtig, die Verkehrsregeln gelten auch für Stiere.
4dee08a085c3	Auf geht's, Touro! 57 Kilometer liegen vor dir. Fahr vorsichtig, die Verkehrsregeln gelten auch für Stiere.
36ac28068b6d	Auf geht's, Touro! 58 Kilometer liegen vor dir. Fahr vorsichtig, die Verkehrsregeln gelten auch für Stiere.
af550b5daf70	Auf geht's, Touro! 59 Kilometer liegen vor dir. Fahr vorsichtig, die Verkehrsregeln gelten auch für Stiere.
7677e0ea5957	Auf geht's, Touro! 60 Kilometer liegen vor dir. Fahr vorsichtig, die Verkehrsregeln gelten auch für Stiere.
fc12ed9a1657	Simulation läuft. 1 Kilometer im Zeitraffer – lehn dich zurück.
2b616ce8beac	Simulation läuft. 2 Kilometer im Zeitraffer – lehn dich zurück.
700e0e9562e7	Simulation läuft. 3 Kilometer im Zeitraffer – lehn dich zurück.
083b96b7319d	Simulation läuft. 4 Kilometer im Zeitraffer – lehn dich zurück.
2421447b04ab	Simulation läuft. 5 Kilometer im Zeitraffer – lehn dich zurück.
bb88c80a5798	Simulation läuft. 6 Kilometer im Zeitraffer – lehn dich zurück.
f438482b396e	Simulation läuft. 7 Kilometer im Zeitraffer – lehn dich zurück.
16666f3c773d	Simulation läuft. 8 Kilometer im Zeitraffer – lehn dich zurück.
d57bbb6ba021	Simulation läuft. 9 Kilometer im Zeitraffer – lehn dich zurück.
82e705c5e415	Simulation läuft. 10 Kilometer im Zeitraffer – lehn dich zurück.
179728e93fd6	Simulation läuft. 11 Kilometer im Zeitraffer – lehn dich zurück.
12d7059eedb2	Simulation läuft. 12 Kilometer im Zeitraffer – lehn dich zurück.
a404a5740e48	Simulation läuft. 13 Kilometer im Zeitraffer – lehn dich zurück.
54a906a68782	Simulation läuft. 14 Kilometer im Zeitraffer – lehn dich zurück.
2cefd98041f5	Simulation läuft. 15 Kilometer im Zeitraffer – lehn dich zurück.
0bdf729de9b6	Simulation läuft. 16 Kilometer im Zeitraffer – lehn dich zurück.
78da02a2b7be	Simulation läuft. 17 Kilometer im Zeitraffer – lehn dich zurück.
65f2c9e2979c	Simulation läuft. 18 Kilometer im Zeitraffer – lehn dich zurück.
8de8209414bc	Simulation läuft. 19 Kilometer im Zeitraffer – lehn dich zurück.
c315c875ce43	Simulation läuft. 20 Kilometer im Zeitraffer – lehn dich zurück.
f23fe37077db	Simulation läuft. 21 Kilometer im Zeitraffer – lehn dich zurück.
676bb88e12aa	Simulation läuft. 22 Kilometer im Zeitraffer – lehn dich zurück.
0ec7e0b96917	Simulation läuft. 23 Kilometer im Zeitraffer – lehn dich zurück.
36e41454e22b	Simulation läuft. 24 Kilometer im Zeitraffer – lehn dich zurück.
69a18c8feb6c	Simulation läuft. 25 Kilometer im Zeitraffer – lehn dich zurück.
fd641753acf3	Simulation läuft. 26 Kilometer im Zeitraffer – lehn dich zurück.
03886510ac2a	Simulation läuft. 27 Kilometer im Zeitraffer – lehn dich zurück.
1eacf7dd3561	Simulation läuft. 28 Kilometer im Zeitraffer – lehn dich zurück.
3be5a2c6aa1e	Simulation läuft. 29 Kilometer im Zeitraffer – lehn dich zurück.
359293d3683c	Simulation läuft. 30 Kilometer im Zeitraffer – lehn dich zurück.
e9cac990c85d	Simulation läuft. 31 Kilometer im Zeitraffer – lehn dich zurück.
ecc01a04b529	Simulation läuft. 32 Kilometer im Zeitraffer – lehn dich zurück.
97016456f9b2	Simulation läuft. 33 Kilometer im Zeitraffer – lehn dich zurück.
417a2e429eda	Simulation läuft. 34 Kilometer im Zeitraffer – lehn dich zurück.
063217e65bbc	Simulation läuft. 35 Kilometer im Zeitraffer – lehn dich zurück.
0535bb1b4f9a	Simulation läuft. 36 Kilometer im Zeitraffer – lehn dich zurück.
acebcfb30d78	Simulation läuft. 37 Kilometer im Zeitraffer – lehn dich zurück.
0047ecc42f6c	Simulation läuft. 38 Kilometer im Zeitraffer – lehn dich zurück.
3dc88862c738	Simulation läuft. 39 Kilometer im Zeitraffer – lehn dich zurück.
af26dece1fe6	Simulation läuft. 40 Kilometer im Zeitraffer – lehn dich zurück.
0181f0136762	Simulation läuft. 41 Kilometer im Zeitraffer – lehn dich zurück.
728b85a6a545	Simulation läuft. 42 Kilometer im Zeitraffer – lehn dich zurück.
75035fb48885	Simulation läuft. 43 Kilometer im Zeitraffer – lehn dich zurück.
d4a38bfd41ec	Simulation läuft. 44 Kilometer im Zeitraffer – lehn dich zurück.
de5d588fe82d	Simulation läuft. 45 Kilometer im Zeitraffer – lehn dich zurück.
41dbd345d674	Simulation läuft. 46 Kilometer im Zeitraffer – lehn dich zurück.
866e2e8c2eab	Simulation läuft. 47 Kilometer im Zeitraffer – lehn dich zurück.
2f3c9a08ae0a	Simulation läuft. 48 Kilometer im Zeitraffer – lehn dich zurück.
50be54d62b8d	Simulation läuft. 49 Kilometer im Zeitraffer – lehn dich zurück.
d2db930e084e	Simulation läuft. 50 Kilometer im Zeitraffer – lehn dich zurück.
e57b6585bf76	Simulation läuft. 51 Kilometer im Zeitraffer – lehn dich zurück.
00dadd83be4b	Simulation läuft. 52 Kilometer im Zeitraffer – lehn dich zurück.
b5807bbc513a	Simulation läuft. 53 Kilometer im Zeitraffer – lehn dich zurück.
76e8f357a706	Simulation läuft. 54 Kilometer im Zeitraffer – lehn dich zurück.
a9975ea3fbf8	Simulation läuft. 55 Kilometer im Zeitraffer – lehn dich zurück.
2aaacf0b7088	Simulation läuft. 56 Kilometer im Zeitraffer – lehn dich zurück.
8fee2f26feb7	Simulation läuft. 57 Kilometer im Zeitraffer – lehn dich zurück.
13d4216fd336	Simulation läuft. 58 Kilometer im Zeitraffer – lehn dich zurück.
31ca42e5c691	Simulation läuft. 59 Kilometer im Zeitraffer – lehn dich zurück.
7d060ff17263	Simulation läuft. 60 Kilometer im Zeitraffer – lehn dich zurück.
120d37db7669	Ziel erreicht! Die Herde ist stolz auf dich.
585c4f1b5fd0	Halbzeit, Touro! Noch 1 Kilometer.
b0334845811c	Halbzeit, Touro! Noch 2 Kilometer.
5721e9ffdab5	Halbzeit, Touro! Noch 3 Kilometer.
d86b6e16838f	Halbzeit, Touro! Noch 4 Kilometer.
6040c328ff18	Halbzeit, Touro! Noch 5 Kilometer.
b0ac4615d7aa	Halbzeit, Touro! Noch 6 Kilometer.
12218ec8d631	Halbzeit, Touro! Noch 7 Kilometer.
9773387d5c3b	Halbzeit, Touro! Noch 8 Kilometer.
cff0e9b13375	Halbzeit, Touro! Noch 9 Kilometer.
4c2812cf8a41	Halbzeit, Touro! Noch 10 Kilometer.
ae464a009041	Halbzeit, Touro! Noch 11 Kilometer.
b8ce816a56c2	Halbzeit, Touro! Noch 12 Kilometer.
ebd7f0d53550	Halbzeit, Touro! Noch 13 Kilometer.
3d51374c839b	Halbzeit, Touro! Noch 14 Kilometer.
08863ff37177	Halbzeit, Touro! Noch 15 Kilometer.
9130176dffda	Halbzeit, Touro! Noch 16 Kilometer.
d68e8b1755b8	Halbzeit, Touro! Noch 17 Kilometer.
d59114feaa00	Halbzeit, Touro! Noch 18 Kilometer.
9164e6b7105f	Halbzeit, Touro! Noch 19 Kilometer.
0fd6c76f1eaa	Halbzeit, Touro! Noch 20 Kilometer.
448f15087bfe	Halbzeit, Touro! Noch 21 Kilometer.
b7854cac1877	Halbzeit, Touro! Noch 22 Kilometer.
a801158c2aa5	Halbzeit, Touro! Noch 23 Kilometer.
6334851cc7f9	Halbzeit, Touro! Noch 24 Kilometer.
3ceb90e54d98	Halbzeit, Touro! Noch 25 Kilometer.
8eb995e17174	Halbzeit, Touro! Noch 26 Kilometer.
fd46106bb0b8	Halbzeit, Touro! Noch 27 Kilometer.
d30b28dc6716	Halbzeit, Touro! Noch 28 Kilometer.
f33bb19f2032	Halbzeit, Touro! Noch 29 Kilometer.
90fbacf004d4	Halbzeit, Touro! Noch 30 Kilometer.
a042e7c9b396	Halbzeit, Touro! Noch 31 Kilometer.
a0a3a2036307	Halbzeit, Touro! Noch 32 Kilometer.
a7ed0dbecc55	Halbzeit, Touro! Noch 33 Kilometer.
983da001d00a	Halbzeit, Touro! Noch 34 Kilometer.
c4e00cc7454f	Halbzeit, Touro! Noch 35 Kilometer.
36f08e2566b6	Halbzeit, Touro! Noch 36 Kilometer.
022977b4d266	Halbzeit, Touro! Noch 37 Kilometer.
d7e0d84998ad	Halbzeit, Touro! Noch 38 Kilometer.
8206ec9c3d56	Halbzeit, Touro! Noch 39 Kilometer.
eecccae254c5	Halbzeit, Touro! Noch 40 Kilometer.
46d6b9f62351	Halbzeit, Touro! Noch 41 Kilometer.
68000410ddd3	Halbzeit, Touro! Noch 42 Kilometer.
82a2f3c9f5bd	Halbzeit, Touro! Noch 43 Kilometer.
acaa823d8dc5	Halbzeit, Touro! Noch 44 Kilometer.
a0a46b119b16	Halbzeit, Touro! Noch 45 Kilometer.
e527ac19f8a1	Halbzeit, Touro! Noch 46 Kilometer.
c6872035a663	Halbzeit, Touro! Noch 47 Kilometer.
1243cad833b3	Halbzeit, Touro! Noch 48 Kilometer.
971c971d7533	Halbzeit, Touro! Noch 49 Kilometer.
fcbad1d0171b	Halbzeit, Touro! Noch 50 Kilometer.
44ae2076fb3e	Halbzeit, Touro! Noch 51 Kilometer.
df6bdc76d5ee	Halbzeit, Touro! Noch 52 Kilometer.
a71d6095e4d2	Halbzeit, Touro! Noch 53 Kilometer.
7e5eb82eb3a1	Halbzeit, Touro! Noch 54 Kilometer.
130787317255	Halbzeit, Touro! Noch 55 Kilometer.
6917bfe51d28	Halbzeit, Touro! Noch 56 Kilometer.
e3ca2d376dcd	Halbzeit, Touro! Noch 57 Kilometer.
b3a9da296de8	Halbzeit, Touro! Noch 58 Kilometer.
c7b64d4f5293	Halbzeit, Touro! Noch 59 Kilometer.
38fd8b76b586	Halbzeit, Touro! Noch 60 Kilometer.
ea321fe088ef	Du hast die Herde verlassen. Zurück zur blauen Linie.
21dda2ca38a3	Wieder in der Spur, Touro!
af0d6e466c53	Kein GPS-Signal – Standort im Browser erlauben und unter freiem Himmel probieren.
d6e4e0a67114	Neuer Weg gefunden – ich führe dich zurück auf die Strecke.
8e772a83012b	Für diese Tour gibt es keine Abbiegehinweise vom Router – ich sage dir die Kurven trotzdem an.
21308b84b024	In 60 Metern links abbiegen.
68b02ca3f786	In 70 Metern links abbiegen.
877996f3a68e	In 80 Metern links abbiegen.
b8dff84bd439	In 90 Metern links abbiegen.
993a84ca0858	In 100 Metern links abbiegen.
e7ffd2143b4e	In 150 Metern links abbiegen.
250184a44e84	In 200 Metern links abbiegen.
065ede2dea67	In 250 Metern links abbiegen.
43ed75e18313	In 300 Metern links abbiegen.
5c17a58395dd	In 400 Metern links abbiegen.
4314471f236f	In 500 Metern links abbiegen.
094e039046cc	Jetzt links – Hörner nach links!
f3b5a498704c	In 60 Metern halb links.
72e9e27a3dda	In 70 Metern halb links.
83d9c633600f	In 80 Metern halb links.
dcf36ca1ea43	In 90 Metern halb links.
911621f91391	In 100 Metern halb links.
25aa2903d0ba	In 150 Metern halb links.
d629eaf3a3e7	In 200 Metern halb links.
afd679ac52e3	In 250 Metern halb links.
80cb32a9a368	In 300 Metern halb links.
9245cb8d8e23	In 400 Metern halb links.
aef5bb89b101	In 500 Metern halb links.
8303e5298ce8	Jetzt leicht links halten.
e94226137e86	In 60 Metern scharf links.
0488f5991f08	In 70 Metern scharf links.
635b99a1e3ce	In 80 Metern scharf links.
a1c98beb620d	In 90 Metern scharf links.
8f3048bffdb2	In 100 Metern scharf links.
287d03e93ac7	In 150 Metern scharf links.
b132b62faa78	In 200 Metern scharf links.
d1b0092977b0	In 250 Metern scharf links.
d02a487e2d3c	In 300 Metern scharf links.
8075d069642a	In 400 Metern scharf links.
de5a3a3c76bd	In 500 Metern scharf links.
94e3138dcac9	Jetzt scharf links – Tempo raus, Touro!
6226f00420d1	In 60 Metern rechts abbiegen.
39ea66bc3064	In 70 Metern rechts abbiegen.
35e292f0a167	In 80 Metern rechts abbiegen.
bc92de7e2384	In 90 Metern rechts abbiegen.
ada37951fed0	In 100 Metern rechts abbiegen.
0357bf5faa8b	In 150 Metern rechts abbiegen.
611d5d7ef9b8	In 200 Metern rechts abbiegen.
1f762042e38a	In 250 Metern rechts abbiegen.
05f2325f64b3	In 300 Metern rechts abbiegen.
79e78c687958	In 400 Metern rechts abbiegen.
ece47a580703	In 500 Metern rechts abbiegen.
c1d132ff0fa9	Jetzt rechts – Hörner nach rechts!
59a59ef0aa95	In 60 Metern halb rechts.
04d2fd8fc3e5	In 70 Metern halb rechts.
8044bead32bc	In 80 Metern halb rechts.
c0daeb86fccf	In 90 Metern halb rechts.
549662645ed6	In 100 Metern halb rechts.
9b5d6e25058e	In 150 Metern halb rechts.
176c1e60c06d	In 200 Metern halb rechts.
18ed84dd0fe2	In 250 Metern halb rechts.
182b9603ca87	In 300 Metern halb rechts.
7bad627d408c	In 400 Metern halb rechts.
9cc89953eb69	In 500 Metern halb rechts.
a630f519da95	Jetzt leicht rechts halten.
68331d937c67	In 60 Metern scharf rechts.
d76418a5e758	In 70 Metern scharf rechts.
a0d27939f225	In 80 Metern scharf rechts.
4e8652835970	In 90 Metern scharf rechts.
95081ec39be6	In 100 Metern scharf rechts.
6d7e1ac12742	In 150 Metern scharf rechts.
255eb3ccabf7	In 200 Metern scharf rechts.
1f97167cbcf9	In 250 Metern scharf rechts.
65155dcbb074	In 300 Metern scharf rechts.
767fd4dd2ac6	In 400 Metern scharf rechts.
f4e06bb92156	In 500 Metern scharf rechts.
12f1a4ab3a1b	Jetzt scharf rechts – Tempo raus, Touro!
7991c114986e	In 60 Metern links halten.
2bf75780e361	In 70 Metern links halten.
90809aa9f2ba	In 80 Metern links halten.
ef0e642c1360	In 90 Metern links halten.
4c01b045bc24	In 100 Metern links halten.
28129196a1b4	In 150 Metern links halten.
69a1bd194300	In 200 Metern links halten.
716c6ee659d3	In 250 Metern links halten.
9af8eb10164c	In 300 Metern links halten.
2aa4c7874950	In 400 Metern links halten.
29b963ff2510	In 500 Metern links halten.
824e6411dec7	Links halten.
746e9fa4ea5c	In 60 Metern rechts halten.
c335c49229f0	In 70 Metern rechts halten.
b2de093e4eb0	In 80 Metern rechts halten.
2a282da1dd5a	In 90 Metern rechts halten.
bfad34906cb3	In 100 Metern rechts halten.
a5da2edd9623	In 150 Metern rechts halten.
88e0898a1be8	In 200 Metern rechts halten.
040854672331	In 250 Metern rechts halten.
f58d806eda61	In 300 Metern rechts halten.
e00c043d1ed0	In 400 Metern rechts halten.
94d727417e2e	In 500 Metern rechts halten.
a417b150c6e3	Rechts halten.
728697d4f442	In 60 Metern wenden.
b7e5fb1e8e01	In 70 Metern wenden.
99672941126a	In 80 Metern wenden.
94d98e926b8e	In 90 Metern wenden.
a448969d9c02	In 100 Metern wenden.
67fd4021bec2	In 150 Metern wenden.
f16a79673e9d	In 200 Metern wenden.
3559f608c385	In 250 Metern wenden.
2c89d9c3dbfb	In 300 Metern wenden.
7b06e5842b4b	In 400 Metern wenden.
f0a4c9dc5bc5	In 500 Metern wenden.
952fc106006c	Jetzt wenden – der Stier macht kehrt.
8086fd56eddf	In 60 Metern in den Kreisverkehr, 1. Ausfahrt.
686a1036b17e	In 60 Metern in den Kreisverkehr, 2. Ausfahrt.
701f30fa7192	In 60 Metern in den Kreisverkehr, 3. Ausfahrt.
c2cd22b7a302	In 60 Metern in den Kreisverkehr, 4. Ausfahrt.
b20c79165cb2	In 60 Metern in den Kreisverkehr, 5. Ausfahrt.
18e3322833b6	In 60 Metern in den Kreisverkehr, 6. Ausfahrt.
e6653979b707	In 60 Metern in den Kreisverkehr, 7. Ausfahrt.
cc15ab006ebd	In 60 Metern in den Kreisverkehr, 8. Ausfahrt.
fbc1d2051871	In 70 Metern in den Kreisverkehr, 1. Ausfahrt.
dd6ea8285086	In 70 Metern in den Kreisverkehr, 2. Ausfahrt.
cb653e1f39fc	In 70 Metern in den Kreisverkehr, 3. Ausfahrt.
7721a554e9d0	In 70 Metern in den Kreisverkehr, 4. Ausfahrt.
9b373ebb9c1a	In 70 Metern in den Kreisverkehr, 5. Ausfahrt.
9349bf33bc9b	In 70 Metern in den Kreisverkehr, 6. Ausfahrt.
590cc6779ba4	In 70 Metern in den Kreisverkehr, 7. Ausfahrt.
c4c5006df027	In 70 Metern in den Kreisverkehr, 8. Ausfahrt.
48c90473f3df	In 80 Metern in den Kreisverkehr, 1. Ausfahrt.
d18110bef386	In 80 Metern in den Kreisverkehr, 2. Ausfahrt.
2ec02af691b7	In 80 Metern in den Kreisverkehr, 3. Ausfahrt.
44d53d3d90f3	In 80 Metern in den Kreisverkehr, 4. Ausfahrt.
b113bb79bbe5	In 80 Metern in den Kreisverkehr, 5. Ausfahrt.
0d61c8cb873b	In 80 Metern in den Kreisverkehr, 6. Ausfahrt.
ccf752685a20	In 80 Metern in den Kreisverkehr, 7. Ausfahrt.
0932f151111b	In 80 Metern in den Kreisverkehr, 8. Ausfahrt.
6344731672a4	In 90 Metern in den Kreisverkehr, 1. Ausfahrt.
fc031eb6dbd3	In 90 Metern in den Kreisverkehr, 2. Ausfahrt.
084f2fb26141	In 90 Metern in den Kreisverkehr, 3. Ausfahrt.
6a9fbed13c1c	In 90 Metern in den Kreisverkehr, 4. Ausfahrt.
10956ee8af41	In 90 Metern in den Kreisverkehr, 5. Ausfahrt.
01fbe6fc3fad	In 90 Metern in den Kreisverkehr, 6. Ausfahrt.
2047c2721d41	In 90 Metern in den Kreisverkehr, 7. Ausfahrt.
dad1ab0bcae7	In 90 Metern in den Kreisverkehr, 8. Ausfahrt.
8d69fb2c7c8c	In 100 Metern in den Kreisverkehr, 1. Ausfahrt.
5a5974fe01c8	In 100 Metern in den Kreisverkehr, 2. Ausfahrt.
092fac824285	In 100 Metern in den Kreisverkehr, 3. Ausfahrt.
4658fc0b9797	In 100 Metern in den Kreisverkehr, 4. Ausfahrt.
06fcc8a42cbf	In 100 Metern in den Kreisverkehr, 5. Ausfahrt.
65403117fe55	In 100 Metern in den Kreisverkehr, 6. Ausfahrt.
a41cbc250cae	In 100 Metern in den Kreisverkehr, 7. Ausfahrt.
18195bee30ac	In 100 Metern in den Kreisverkehr, 8. Ausfahrt.
988a3d6adc14	In 150 Metern in den Kreisverkehr, 1. Ausfahrt.
47c809782828	In 150 Metern in den Kreisverkehr, 2. Ausfahrt.
2f08cc7455b4	In 150 Metern in den Kreisverkehr, 3. Ausfahrt.
7dfa12ccf99e	In 150 Metern in den Kreisverkehr, 4. Ausfahrt.
7afaa996977b	In 150 Metern in den Kreisverkehr, 5. Ausfahrt.
4f941ef7da19	In 150 Metern in den Kreisverkehr, 6. Ausfahrt.
0bfcd513aa01	In 150 Metern in den Kreisverkehr, 7. Ausfahrt.
294b4f9d2fd8	In 150 Metern in den Kreisverkehr, 8. Ausfahrt.
aa9d8e7d4ec3	In 200 Metern in den Kreisverkehr, 1. Ausfahrt.
c2208c1627a7	In 200 Metern in den Kreisverkehr, 2. Ausfahrt.
4f6a35bb4dad	In 200 Metern in den Kreisverkehr, 3. Ausfahrt.
ac0e4d867f43	In 200 Metern in den Kreisverkehr, 4. Ausfahrt.
dbbfd2beb3ae	In 200 Metern in den Kreisverkehr, 5. Ausfahrt.
8d2e3568b769	In 200 Metern in den Kreisverkehr, 6. Ausfahrt.
29f7dd403992	In 200 Metern in den Kreisverkehr, 7. Ausfahrt.
0a8345504eff	In 200 Metern in den Kreisverkehr, 8. Ausfahrt.
5eed10960d6a	In 250 Metern in den Kreisverkehr, 1. Ausfahrt.
1e58bbdb4bc4	In 250 Metern in den Kreisverkehr, 2. Ausfahrt.
582becdb32a6	In 250 Metern in den Kreisverkehr, 3. Ausfahrt.
7e7d131ed3ae	In 250 Metern in den Kreisverkehr, 4. Ausfahrt.
91077afa5cdf	In 250 Metern in den Kreisverkehr, 5. Ausfahrt.
ac40e3c6acbb	In 250 Metern in den Kreisverkehr, 6. Ausfahrt.
17158addea57	In 250 Metern in den Kreisverkehr, 7. Ausfahrt.
86302425d707	In 250 Metern in den Kreisverkehr, 8. Ausfahrt.
d4165e14a4a1	In 300 Metern in den Kreisverkehr, 1. Ausfahrt.
4e35ede28079	In 300 Metern in den Kreisverkehr, 2. Ausfahrt.
856b0cf21ec8	In 300 Metern in den Kreisverkehr, 3. Ausfahrt.
5fe8d74f2a01	In 300 Metern in den Kreisverkehr, 4. Ausfahrt.
127e060a1919	In 300 Metern in den Kreisverkehr, 5. Ausfahrt.
9384549953ed	In 300 Metern in den Kreisverkehr, 6. Ausfahrt.
a7d8c1767369	In 300 Metern in den Kreisverkehr, 7. Ausfahrt.
46eb47356bfe	In 300 Metern in den Kreisverkehr, 8. Ausfahrt.
7814ae7987ed	In 400 Metern in den Kreisverkehr, 1. Ausfahrt.
b037c99a8066	In 400 Metern in den Kreisverkehr, 2. Ausfahrt.
2bd53d0946f6	In 400 Metern in den Kreisverkehr, 3. Ausfahrt.
1f9894fe54ca	In 400 Metern in den Kreisverkehr, 4. Ausfahrt.
f884e1c8c488	In 400 Metern in den Kreisverkehr, 5. Ausfahrt.
fdfe31ebeb86	In 400 Metern in den Kreisverkehr, 6. Ausfahrt.
6aa202a3827a	In 400 Metern in den Kreisverkehr, 7. Ausfahrt.
d9376105e1b3	In 400 Metern in den Kreisverkehr, 8. Ausfahrt.
11531d0980c6	In 500 Metern in den Kreisverkehr, 1. Ausfahrt.
77c20b97a043	In 500 Metern in den Kreisverkehr, 2. Ausfahrt.
9a8b959936a5	In 500 Metern in den Kreisverkehr, 3. Ausfahrt.
9541ef5d372c	In 500 Metern in den Kreisverkehr, 4. Ausfahrt.
de9e214ad324	In 500 Metern in den Kreisverkehr, 5. Ausfahrt.
0cd01fb3f8d5	In 500 Metern in den Kreisverkehr, 6. Ausfahrt.
d5cfea91840b	In 500 Metern in den Kreisverkehr, 7. Ausfahrt.
854168493f6b	In 500 Metern in den Kreisverkehr, 8. Ausfahrt.
848bafc51665	Rein in den Kreisel – 1. Ausfahrt, Touro!
b02ac8d0209a	Rein in den Kreisel – 2. Ausfahrt, Touro!
be5da95bd5a8	Rein in den Kreisel – 3. Ausfahrt, Touro!
64034b7f83f9	Rein in den Kreisel – 4. Ausfahrt, Touro!
3c332e55a74d	Rein in den Kreisel – 5. Ausfahrt, Touro!
f581d1e7e450	Rein in den Kreisel – 6. Ausfahrt, Touro!
8fb6ed9549e4	Rein in den Kreisel – 7. Ausfahrt, Touro!
1fe055ee6394	Rein in den Kreisel – 8. Ausfahrt, Touro!
640caf333fe8	In 60 Metern links ausfahren.
d7b54a5012bb	In 70 Metern links ausfahren.
99da9df554b5	In 80 Metern links ausfahren.
f5c162358736	In 90 Metern links ausfahren.
c71885d4132f	In 100 Metern links ausfahren.
bc2692433426	In 150 Metern links ausfahren.
7a5d5a7d8b21	In 200 Metern links ausfahren.
22d5ab8cd67a	In 250 Metern links ausfahren.
eac3c19dc830	In 300 Metern links ausfahren.
7d34f6de9676	In 400 Metern links ausfahren.
a348124ccbf7	In 500 Metern links ausfahren.
ab576d4a0ae6	Jetzt links raus.
af9c2c7c601c	In 60 Metern rechts ausfahren.
4c71165a8707	In 70 Metern rechts ausfahren.
449fdacaa6ee	In 80 Metern rechts ausfahren.
3e5f8ea4f939	In 90 Metern rechts ausfahren.
dc5a4e8fb60d	In 100 Metern rechts ausfahren.
aa67feefe142	In 150 Metern rechts ausfahren.
04109a1ae3f3	In 200 Metern rechts ausfahren.
0e7bb4c5172e	In 250 Metern rechts ausfahren.
8944287db414	In 300 Metern rechts ausfahren.
21eef842b23b	In 400 Metern rechts ausfahren.
8f3e0d1ba33c	In 500 Metern rechts ausfahren.
e6313343b094	Jetzt rechts raus.
185b4737a408	In 60 Metern geradeaus.
17bbe06d0328	In 70 Metern geradeaus.
f9653fd123d6	In 80 Metern geradeaus.
c6542b843139	In 90 Metern geradeaus.
f33239ba66b5	In 100 Metern geradeaus.
31246e86c515	In 150 Metern geradeaus.
2f554d551986	In 200 Metern geradeaus.
b3f765ebf68e	In 250 Metern geradeaus.
c5439a7a5e88	In 300 Metern geradeaus.
bbe806133f26	In 400 Metern geradeaus.
811e80fe19d4	In 500 Metern geradeaus.
de08092e1ea7	Geradeaus weiter.
